siteName,roughLocation,yearMonitored,zone,northing,easting,lat,long,elevation,description,nWinterFlights,winterSpecies,firstSpring,40kMyo,25K,30K,35K,40K,45K,50K,LowF,HighF,LACI,LANO,EPFU,TABR,MYTH,COTO,MYEV,MYLU,LABO,MYSE,MYCI,MYCA,MYYU,MYVO,EPFULANO,COTOMYTH,ANPAEPFU,COTOMYEV,LABOMYLU,MYYUMYCA,bat,lastFall,40kMyo,25K,30K,35K,40K,45K,50K,LowF,HighF,LACI,LANO,EPFU,TABR,MYTH,COTO,MYEV,MYLU,LABO,MYSE,MYCI,MYCA,MYYU,MYVO,EPFULANO,COTOMYTH,ANPAEPFU,COTOMYEV,LABOMYLU,MYYUMYCA,bat,LDE,nMaxSpring,LDH,nMaxEmerging,detectorType
Goldstream Nature House 2014,Victoria,2014,10 U,459364,5370308,,,2,"building,maternity roost",ND,ND,NA,ND,ND,ND,ND,ND,ND,ND,ND,ND,ND,ND,ND,ND,ND,ND,ND,ND,ND,ND,ND,ND,ND,ND,ND,ND,ND,ND,ND,ND,ND,NA,ND,ND,ND,ND,ND,ND,ND,ND,ND,ND,ND,ND,ND,ND,ND,ND,ND,ND,ND,ND,ND,ND,ND,ND,ND,ND,ND,ND,ND,ND,ND,ND,ND,ND,
Goldstream Nature House2013,,2013,10 U,459364,5370308,,,,,5,,24/03/2014,NA,NA,NA,NA,2/04/2014,1/04/2014,2/04/2014,NA,NA,NA,NA,NA,NA,NA,NA,NA,NA,NA,NA,NA,NA,24/03/2014,NA,NA,NA,NA,NA,NA,NA,NA,NA,NA,NA,NA,NA,NA,NA,NA,NA,NA,NA,NA,NA,NA,NA,NA,NA,NA,NA,NA,NA,NA,NA,NA,NA,NA,NA,NA,NA,NA,NA,31/03/2014,31,NA,NA,
Prince Rupert Morseby 2015,Prince Rupert,2015,09 U,412892,6018239,,,15,,70,"40K,45K,",7/04/2016,NA,NA,NA,NA,27/04/2016,27/04/2016,NA,NA,NA,NA,NA,NA,NA,NA,NA,NA,NA,NA,NA,NA,NA,NA,NA,7/04/2016,NA,NA,NA,NA,NA,NA,7/12/2015,NA,4/10/2015,NA,24/09/2015,7/12/2015,7/12/2015,NA,NA,NA,NA,NA,NA,NA,NA,NA,NA,NA,NA,NA,NA,NA,NA,NA,14/10/2015,NA,NA,NA,NA,NA,NA,26/04/2016,577,10/09/2015,815,SM2BAT NA plus (ZC model)
Little Qualicum 2015,Qualicum Beach,2015,10 U,390430,5467885,,,19,,2767,"25K,45K,",10/03/2016,NA,10/03/2016,NA,NA,NA,12/03/2016,NA,NA,NA,NA,NA,NA,NA,NA,NA,NA,NA,NA,NA,NA,NA,NA,NA,NA,NA,NA,NA,NA,NA,NA,NA,NA,NA,NA,NA,NA,NA,NA,NA,NA,NA,NA,NA,NA,NA,NA,NA,NA,NA,NA,NA,NA,NA,NA,NA,NA,NA,NA,NA,NA,NA,8/03/2016,3809,NA,NA,
Stanley Park winter 2015,Vancouver,2015,10 U,490251,5460765,,,23,,109,"40K,45K,LowF,EPFULANO,",NA,NA,NA,NA,NA,NA,NA,NA,NA,NA,NA,NA,NA,NA,NA,NA,NA,NA,NA,NA,NA,NA,NA,NA,NA,NA,NA,NA,NA,NA,NA,29/12/2015,NA,NA,NA,NA,23/10/2015,9/10/2015,23/10/2015,29/09/2015,NA,NA,NA,NA,NA,NA,NA,NA,NA,NA,NA,NA,NA,NA,NA,29/12/2015,NA,NA,NA,NA,NA,NA,NA,NA,21/09/2015,191,SM2BAT NA 192 full spectrum model
Lava Beds 2015,New Aiyansh,2015,09 U,491449,6118815,,,45,,0,,21/04/2016,NA,22/04/2016,21/04/2016,22/04/2016,24/04/2016,24/04/2016,25/04/2016,NA,NA,NA,NA,NA,NA,NA,NA,NA,NA,NA,NA,NA,NA,NA,NA,NA,NA,NA,NA,NA,NA,NA,NA,NA,NA,NA,NA,NA,NA,NA,NA,NA,NA,NA,NA,NA,NA,NA,NA,NA,NA,NA,NA,NA,NA,NA,NA,NA,NA,NA,NA,NA,NA,29/03/2016,37,NA,NA,SM2BAT NA plus (ZC model)
Des Belton House 2015,New Aiyansh,2015,09 U,493489,6117913,55.20773,NA129.10231,55,,53,"25K,45K,LANO,",25/03/2016,NA,25/03/2016,NA,NA,NA,25/03/2016,NA,NA,NA,NA,25/03/2016,NA,NA,NA,NA,NA,NA,NA,NA,NA,NA,NA,NA,NA,NA,NA,NA,NA,NA,NA,13/12/2015,NA,13/12/2015,25/10/2015,25/10/2015,30/09/2015,9/12/2015,14/10/2015,NA,NA,4/09/2015,13/12/2015,15/09/2015,NA,NA,9/09/2015,7/10/2015,11/09/2015,NA,12/10/2015,NA,NA,13/10/2015,10/10/2015,12/09/2015,NA,NA,NA,NA,NA,NA,22/03/2016,95,12/09/2015,2985,SM2BAT NA 192 full spectrum model
Nass belton House 2014,,2014,09 U,493489,6117913,,,,,ND,ND,NA,ND,ND,ND,ND,ND,ND,ND,ND,ND,ND,ND,ND,ND,ND,ND,ND,ND,ND,ND,ND,ND,ND,ND,ND,ND,ND,ND,ND,ND,ND,NA,ND,ND,ND,ND,ND,ND,ND,ND,ND,ND,ND,ND,ND,ND,ND,ND,ND,ND,ND,ND,ND,ND,ND,ND,ND,ND,ND,ND,ND,ND,ND,ND,ND,ND,
Lakelse 2015,Terrace,2015,09 U,530964,6029385,,,72,,3,"25K,",26/04/2016,NA,28/04/2016,NA,NA,28/04/2016,NA,26/04/2016,NA,NA,NA,NA,NA,NA,NA,NA,NA,NA,NA,NA,NA,NA,NA,NA,NA,NA,NA,NA,NA,NA,NA,3/11/2015,NA,3/11/2015,NA,16/09/2015,25/10/2015,NA,10/10/2015,NA,NA,NA,NA,NA,NA,NA,NA,NA,NA,NA,NA,NA,NA,NA,NA,NA,NA,NA,NA,NA,NA,NA,8/04/2016,65,3/09/2015,56,SM2BAT NA plus (ZC model)
Hali Haliburton 2013,Victoria,2013,10 U,471858,5373337,,,98,,66,"45K,EPFULANO,",NA,NA,NA,NA,NA,NA,NA,NA,NA,NA,NA,NA,NA,NA,NA,NA,NA,NA,NA,NA,NA,NA,NA,NA,NA,NA,NA,NA,NA,NA,NA,12/11/2013,NA,4/10/2013,NA,NA,28/10/2013,12/11/2013,NA,NA,NA,13/10/2013,23/10/2013,18/09/2013,NA,NA,NA,NA,NA,NA,NA,NA,NA,NA,NA,12/11/2013,NA,NA,NA,NA,NA,NA,NA,NA,30/08/2013,172,
Mary Hill 2012,Victoria,2012,10 U,459353,5354800,,,110,,146,"40K,45K,50K,EPFU,COTOMYTH,",31/03/2013,NA,NA,3/05/2013,4/05/2013,4/05/2013,11/05/2013,11/05/2013,NA,NA,5/05/2013,3/05/2013,31/03/2013,NA,NA,NA,31/03/2013,NA,NA,NA,NA,NA,NA,3/05/2013,11/05/2013,11/05/2013,NA,NA,NA,NA,14/04/2013,NA,NA,NA,NA,NA,NA,NA,NA,NA,NA,NA,NA,NA,NA,NA,NA,NA,NA,NA,NA,NA,NA,NA,NA,NA,NA,NA,NA,NA,NA,NA,3/05/2013,422,NA,NA,
Telegraph Creek 2015,Telegraph Creek,2015,09 V,371576,6419694,,,200,,0,,20/03/2016,NA,NA,NA,NA,20/03/2016,NA,NA,NA,NA,NA,NA,NA,NA,NA,NA,NA,NA,NA,NA,NA,NA,NA,NA,NA,NA,NA,NA,NA,NA,NA,30/10/2015,NA,2/10/2015,7/10/2015,10/10/2015,30/10/2015,6/10/2015,NA,NA,NA,NA,NA,NA,NA,NA,NA,NA,NA,NA,NA,NA,NA,NA,NA,NA,NA,NA,NA,NA,NA,NA,Insufficient Number Recordings,1,5/09/2015,34,SM2BAT NA plus (ZC model)
Cameron LK near Cathedral MD12,Port AlberniNAQualicum Beach,2012,10 U,384185,5461117,,,214,,14,"40K,50K,HighF,",7/03/2013,NA,NA,NA,NA,7/03/2013,NA,7/03/2013,NA,NA,NA,NA,NA,NA,NA,NA,NA,NA,NA,NA,NA,NA,NA,NA,NA,NA,NA,NA,NA,NA,NA,NA,NA,NA,NA,NA,NA,NA,NA,NA,NA,NA,NA,NA,NA,NA,NA,NA,NA,NA,NA,NA,NA,NA,NA,NA,NA,NA,NA,NA,NA,NA,8/03/2013,110,NA,NA,
peachland roost 2012,Peachland,2012,11 U,303164,5517454,,,350,,5,"MYYUMYCA,",19/03/2013,20/03/2013,NA,NA,NA,20/03/2013,NA,NA,NA,NA,NA,NA,NA,NA,NA,NA,NA,NA,NA,NA,NA,NA,NA,NA,NA,NA,NA,NA,NA,19/03/2013,NA,NA,NA,NA,NA,NA,NA,NA,NA,NA,NA,NA,NA,NA,NA,NA,NA,NA,NA,NA,NA,NA,NA,NA,NA,NA,NA,NA,NA,NA,NA,NA,14/03/2013,16,NA,NA,Anabat in 2013 then RL in subsequent years
Peachland roost (2) 2013,,2013,11 U,303164,5517454,,,,,0,,20/04/2014,NA,NA,20/04/2014,NA,5/05/2014,NA,NA,NA,NA,NA,NA,NA,NA,NA,NA,NA,NA,NA,NA,NA,NA,NA,NA,NA,NA,NA,NA,NA,NA,NA,23/10/2013,NA,NA,NA,NA,23/10/2013,NA,20/10/2013,NA,NA,NA,NA,NA,NA,NA,NA,NA,NA,NA,NA,NA,NA,NA,NA,NA,NA,NA,NA,NA,NA,NA,30/04/2014,109,Insufficient Number Recordings,4,
Throne (Haynes Lease) 2011,Osooyos,2011,11 U,316195,5441087,49.09515,NA119.51788,359,,282,"50K,LowF,HighF,EPFULANO,",20/04/2012,NA,NA,NA,NA,15/05/2012,12/05/2012,15/05/2012,15/05/2012,NA,NA,NA,NA,NA,NA,NA,NA,NA,NA,NA,NA,NA,NA,NA,15/05/2012,15/05/2012,15/05/2012,20/04/2012,NA,NA,22/04/2012,28/12/2011,NA,NA,NA,NA,NA,NA,27/12/2011,17/12/2011,17/12/2011,NA,NA,NA,NA,NA,NA,NA,NA,NA,NA,NA,NA,NA,NA,28/12/2011,NA,NA,NA,NA,NA,NA,6/05/2012,662,16/12/2011,12,
Throne (Haynes Lease) 2013,,2013,11 U,316195,5441087,49.09515,NA119.51788,,,0,,NA,NA,NA,NA,NA,NA,NA,NA,NA,NA,NA,NA,NA,NA,NA,NA,NA,NA,NA,NA,NA,NA,NA,NA,NA,NA,NA,NA,NA,NA,NA,28/10/2013,NA,NA,NA,NA,21/10/2013,NA,28/10/2013,20/10/2013,23/10/2013,NA,NA,NA,NA,NA,NA,NA,NA,NA,NA,NA,NA,NA,NA,22/10/2013,17/10/2013,5/10/2013,NA,NA,NA,NA,NA,NA,12/10/2013,278,
Throne (Haynes Lease) 2012,,2012,11 U,316195,5441087,49.09515,NA119.51788,,,69,"50K,",12/03/2013,NA,NA,NA,NA,15/03/2013,NA,17/03/2013,12/03/2013,NA,NA,NA,NA,NA,NA,NA,NA,NA,NA,NA,NA,NA,NA,NA,15/03/2013,NA,NA,NA,NA,NA,NA,26/10/2012,NA,NA,NA,NA,9/10/2012,22/09/2012,19/10/2012,26/10/2012,19/10/2012,NA,NA,NA,NA,NA,NA,NA,NA,NA,NA,NA,NA,NA,NA,19/10/2012,5/10/2012,NA,NA,NA,NA,NA,15/03/2013,61,28/09/2012,394,
Darcus (Skaha Cave) 2012,Penticton,2012,11 U,315018,5463903,,,393,,0,,1/04/2013,NA,NA,NA,NA,3/04/2013,NA,9/04/2013,1/04/2013,NA,NA,NA,NA,NA,NA,NA,NA,NA,NA,NA,NA,NA,NA,NA,4/04/2013,NA,2/04/2013,NA,NA,NA,NA,NA,NA,NA,NA,NA,NA,NA,NA,NA,NA,NA,NA,NA,NA,NA,NA,NA,NA,NA,NA,NA,NA,NA,NA,NA,NA,NA,NA,NA,NA,NA,31/03/2013,563,NA,NA,SM2BAT
Darcus (Skaha Cave) (2) 2013,,2013,11 U,315018,5463903,,,,,68,"LowF,EPFULANO,",11/03/2014,NA,NA,NA,NA,NA,NA,NA,NA,NA,NA,NA,NA,NA,NA,NA,NA,NA,NA,NA,NA,NA,NA,NA,14/04/2014,NA,NA,NA,NA,NA,11/03/2014,26/12/2013,NA,NA,NA,NA,NA,NA,NA,NA,NA,NA,NA,NA,NA,NA,NA,NA,NA,NA,NA,NA,NA,NA,NA,26/12/2013,NA,NA,NA,NA,NA,18/12/2013,6/04/2014,491,5/10/2013,74,
Churn Creek 2015,Williams Lake,2015,10 U,549176,5708303,,,394,,4,"25K,COTO,",9/03/2016,NA,24/04/2016,NA,21/04/2016,24/04/2016,NA,NA,NA,NA,NA,NA,NA,NA,16/04/2016,9/03/2016,NA,NA,NA,NA,NA,NA,NA,NA,29/03/2016,NA,NA,NA,NA,NA,NA,24/12/2015,NA,24/12/2015,NA,12/10/2015,28/10/2015,NA,NA,NA,NA,NA,NA,NA,NA,NA,4/11/2015,NA,29/09/2015,NA,NA,NA,NA,NA,NA,NA,NA,NA,NA,NA,NA,NA,19/04/2016,313,29/09/2015,499,SM2BAT NA plus (ZC model)
Pellucidar Cave 2014,near Port McNeill,2014,09 U,647976,5587007,,,473,cave,ND,ND,NA,ND,ND,ND,ND,ND,ND,ND,ND,ND,ND,ND,ND,ND,ND,ND,ND,ND,ND,ND,ND,ND,ND,ND,ND,ND,ND,ND,ND,ND,ND,NA,ND,ND,ND,ND,ND,ND,ND,ND,ND,ND,ND,ND,ND,ND,ND,ND,ND,ND,ND,ND,ND,ND,ND,ND,ND,ND,ND,ND,ND,ND,ND,ND,ND,ND,
Liard Hot Springs 2015,Liard Hot Springs,2015,09 V,664251,6591873,,,480,,0,,15/05/2016,NA,NA,NA,15/05/2016,15/05/2016,NA,NA,NA,NA,NA,NA,NA,NA,NA,NA,NA,NA,NA,NA,NA,NA,NA,NA,NA,NA,NA,NA,NA,NA,NA,4/10/2015,NA,NA,30/09/2015,28/09/2015,4/10/2015,NA,NA,NA,NA,NA,NA,NA,NA,NA,NA,NA,NA,NA,NA,NA,NA,NA,NA,NA,NA,NA,NA,NA,NA,NA,11/05/2016,49,17/09/2015,15,SM2BAT NA plus (ZC model)
Fairview Grasslands mine 2012,Oliver,2012,11 U,311132,5450886,,,493,,0,,13/03/2013,NA,NA,NA,NA,17/03/2013,NA,13/03/2013,14/03/2013,NA,NA,NA,NA,NA,NA,NA,NA,NA,NA,NA,NA,NA,NA,NA,14/03/2013,NA,NA,NA,NA,NA,15/03/2013,NA,NA,NA,NA,NA,NA,NA,NA,NA,NA,NA,NA,NA,NA,NA,NA,NA,NA,NA,NA,NA,NA,NA,NA,NA,NA,NA,NA,NA,NA,NA,14/03/2013,24,NA,NA,RoostLogger in Feb and SM2 in March
molly hughesNAGalena TrlNewDen13,New Denver,2013,11 U,472734,5539178,,,550,,4,"40K,",5/04/2014,NA,NA,NA,NA,NA,NA,5/04/2014,NA,NA,NA,NA,NA,NA,NA,NA,NA,NA,NA,NA,NA,NA,NA,NA,NA,NA,NA,NA,NA,NA,NA,NA,NA,NA,NA,NA,NA,NA,NA,NA,NA,NA,NA,NA,NA,NA,NA,NA,NA,NA,NA,NA,NA,NA,NA,NA,NA,NA,NA,NA,NA,NA,Insufficient Number Recordings,3,NA,NA,
Fraser Rock 2015,Williams Lake,2015,10 U,548582,5706093,,,560,,9,"25K,40K,",24/04/2016,NA,24/04/2016,NA,24/04/2016,24/04/2016,NA,NA,NA,NA,NA,NA,NA,NA,NA,NA,NA,NA,NA,NA,NA,NA,NA,NA,NA,NA,NA,NA,NA,NA,NA,14/12/2015,NA,4/11/2015,NA,10/10/2015,14/12/2015,NA,NA,NA,NA,NA,NA,NA,NA,10/10/2015,6/10/2015,NA,NA,NA,NA,NA,NA,NA,NA,NA,NA,NA,NA,NA,NA,NA,19/04/2016,343,29/09/2015,850,SM2BAT NA plus (ZC model)
Sirdar Imasco mine 2013,Sirdar,2013,11 U,526012,5456359,,,580,,14,"40K,50K,",NA,NA,NA,NA,NA,NA,NA,NA,NA,NA,NA,NA,NA,NA,NA,NA,NA,NA,NA,NA,NA,NA,NA,NA,NA,NA,NA,NA,NA,NA,NA,17/12/2013,NA,NA,NA,NA,1/12/2013,NA,17/12/2013,NA,NA,NA,NA,NA,NA,NA,NA,NA,NA,NA,NA,NA,NA,NA,NA,NA,NA,NA,NA,NA,NA,NA,NA,NA,Insufficient Number Recordings,4,
Tlingit office in Atlin 2015,Atlin,2015,08 V,573213,6603951,,,680,,0,,2/05/2016,NA,NA,NA,2/05/2016,15/05/2016,NA,NA,NA,NA,NA,NA,NA,NA,NA,NA,NA,NA,NA,NA,NA,NA,NA,NA,NA,NA,NA,NA,NA,NA,NA,6/10/2015,NA,NA,NA,26/09/2015,6/10/2015,NA,NA,NA,NA,NA,NA,NA,NA,NA,NA,NA,NA,NA,NA,NA,NA,NA,NA,8/09/2015,NA,NA,NA,NA,NA,NA,15/05/2016,17,13/09/2015,88,SM2BAT NA plus (ZC model)
Warm Springs Homestead 2015,Atlin,2015,08 V,580550,6586135,,,700,,0,,15/05/2016,NA,NA,NA,NA,15/05/2016,NA,NA,NA,NA,NA,NA,NA,NA,NA,NA,NA,NA,NA,NA,NA,NA,NA,NA,NA,NA,NA,NA,NA,NA,NA,23/09/2015,NA,NA,25/08/2016,30/08/2016,23/09/2016,31/08/2016,NA,NA,NA,NA,NA,NA,NA,NA,NA,NA,NA,NA,NA,NA,NA,NA,NA,NA,NA,NA,NA,NA,NA,NA,11/05/2016,16,26/08/2015,417,SM2BAT NA plus (ZC model)
Fraser Lake 2015,Fort Fraser,2015,10 U,395376,5971283,,,700,,0,,23/04/2016,NA,28/04/2016,NA,23/04/2016,29/04/2016,NA,NA,NA,NA,NA,NA,NA,NA,NA,NA,NA,NA,NA,NA,NA,NA,NA,NA,NA,NA,NA,NA,NA,NA,NA,17/10/2015,NA,27/09/2015,NA,29/09/2015,17/10/2015,NA,NA,NA,NA,NA,NA,NA,NA,NA,NA,NA,NA,NA,NA,NA,NA,NA,NA,NA,NA,NA,NA,NA,NA,NA,1/04/2016,482,9/09/2015,38,SM2BAT NA plus (ZC model)
Dease Lake 2015,Dease Lake,2015,09 V,440850,6477429,,,800,,1,"25K,",NA,NA,NA,NA,NA,NA,NA,NA,NA,NA,NA,NA,NA,NA,NA,NA,NA,NA,NA,NA,NA,NA,NA,NA,NA,NA,NA,NA,NA,NA,NA,13/12/2015,NA,13/12/2015,NA,9/10/2015,17/10/2015,NA,NA,NA,NA,NA,NA,NA,NA,NA,NA,NA,NA,NA,NA,NA,NA,NA,NA,NA,NA,NA,NA,NA,NA,NA,NA,NA,29/09/2015,861,SM2BAT NA plus (ZC model)
"Bear Flats, Peace River 2015",Fort St John,2015,10 V,611707,6239032,,,800,,4,"25K,",NA,NA,NA,NA,NA,NA,NA,NA,NA,NA,NA,NA,NA,NA,NA,NA,NA,NA,NA,NA,NA,NA,NA,NA,NA,NA,NA,NA,NA,NA,NA,1/12/2015,NA,1/12/2015,6/10/2015,10/10/2015,16/10/2015,NA,NA,NA,NA,NA,NA,NA,NA,NA,NA,NA,NA,NA,NA,NA,NA,NA,NA,NA,NA,NA,NA,NA,NA,NA,NA,NA,6/10/2015,16,SM2BAT NA plus (ZC model)
Muncho Lake Lodge 2015,Muncho Lake,2015,10 V,340750,6544388,,,822,,0,,15/05/2016,NA,NA,NA,15/05/2016,15/05/2016,NA,NA,NA,NA,NA,NA,NA,NA,NA,NA,NA,NA,NA,NA,NA,NA,NA,NA,NA,NA,NA,NA,NA,NA,NA,NA,NA,NA,NA,NA,NA,NA,NA,NA,NA,NA,NA,NA,NA,NA,NA,NA,NA,NA,NA,NA,NA,NA,NA,NA,NA,NA,NA,NA,NA,NA,9/05/2016,1081,NA,NA,SM2BAT NA plus (ZC model)
Premiere Lake 2012,Skookumchuck,2012,11 U,596620,5533860,,,891,,ND,ND,NA,ND,ND,ND,ND,ND,ND,ND,ND,ND,ND,ND,ND,ND,ND,ND,ND,ND,ND,ND,ND,ND,ND,ND,ND,ND,ND,ND,ND,ND,ND,NA,ND,ND,ND,ND,ND,ND,ND,ND,ND,ND,ND,ND,ND,ND,ND,ND,ND,ND,ND,ND,ND,ND,ND,ND,ND,ND,ND,ND,ND,ND,ND,ND,ND,ND,
Bluff Lake 2015,Williams Lake,2015,10 U,381167,5734313,,,916,,3,"40K,",23/03/2016,NA,20/04/2016,23/03/2016,27/04/2016,27/04/2016,NA,NA,NA,NA,NA,NA,NA,NA,NA,NA,NA,NA,NA,NA,NA,NA,NA,NA,NA,NA,NA,NA,NA,NA,NA,28/10/2015,NA,23/10/2015,NA,1/10/2015,28/10/2015,NA,NA,NA,NA,NA,NA,NA,NA,NA,NA,NA,NA,NA,NA,NA,NA,NA,NA,NA,NA,NA,NA,NA,NA,NA,25/04/2016,24,29/09/2015,157,SM2BAT NA plus (ZC model)
Vanderhoof Butte 2014,"near Vanderhoof, Kenny Dam",2014,10 U,381474,5938245,,,1100,rock outcrop,0,,19/04/2015,NA,NA,NA,NA,NA,NA,NA,NA,NA,NA,NA,NA,NA,NA,NA,NA,NA,NA,NA,NA,NA,NA,NA,19/04/2015,NA,NA,NA,NA,NA,NA,18/10/2014,NA,NA,NA,NA,10/10/2014,NA,NA,NA,NA,NA,NA,NA,NA,NA,NA,NA,NA,NA,NA,NA,NA,NA,NA,18/10/2014,NA,NA,NA,NA,NA,NA,Insufficient Number Recordings,2,Insufficient Number Recordings,8,
Whiteswan 2012,Fairmont ,2012,11 U,609188,5557290,50.15776,NA115.47141,1145,,0,,4/05/2013,NA,NA,NA,NA,4/05/2013,NA,4/05/2013,4/05/2013,NA,NA,NA,NA,NA,NA,NA,NA,NA,NA,NA,NA,NA,NA,NA,4/05/2013,NA,NA,NA,NA,NA,NA,NA,NA,NA,NA,NA,NA,NA,NA,NA,NA,NA,NA,NA,NA,NA,NA,NA,NA,NA,NA,NA,NA,NA,NA,NA,NA,NA,NA,NA,NA,NA,2/05/2013,551,NA,NA,
Jersey North 2015,Salmo,2015,11 U,483479,5438701,,,1275,,3,"30K,50K,",4/03/2016,NA,NA,NA,NA,6/04/2016,6/04/2016,4/03/2016,NA,NA,NA,NA,NA,NA,NA,NA,NA,NA,NA,NA,NA,NA,NA,NA,8/04/2016,NA,NA,NA,NA,NA,NA,NA,NA,NA,NA,NA,NA,NA,NA,NA,NA,NA,NA,NA,NA,NA,NA,NA,NA,NA,NA,NA,NA,NA,NA,NA,NA,NA,NA,NA,NA,NA,Insufficient Number Recordings,10,NA,NA,
Jersey WDKO 2015,,2015,11 U,483479,5438701,,,,,85,"30K,35K,40K,45K,50K,",8/04/2016,NA,NA,8/04/2016,8/04/2016,9/04/2016,8/04/2016,9/04/2016,NA,NA,NA,NA,NA,NA,NA,NA,NA,NA,NA,NA,NA,NA,NA,NA,NA,NA,NA,NA,NA,NA,NA,26/12/2015,NA,NA,26/11/2015,26/12/2015,NA,NA,NA,NA,NA,NA,NA,NA,NA,NA,NA,NA,NA,NA,NA,NA,NA,NA,NA,NA,NA,NA,NA,NA,NA,NA,6/04/2016,173,Insufficient Number Recordings,3,
Jersey WDKO2 2015,,2015,11 U,483479,5438701,,,,,23,"30K,35K,45K,50K,",30/03/2016,NA,NA,31/03/2016,8/04/2016,30/03/2016,8/04/2016,9/04/2016,NA,NA,NA,NA,NA,NA,NA,NA,NA,NA,NA,NA,NA,NA,NA,NA,NA,NA,NA,NA,NA,NA,NA,NA,NA,NA,NA,NA,NA,NA,NA,NA,NA,NA,NA,NA,NA,NA,NA,NA,NA,NA,NA,NA,NA,NA,NA,NA,NA,NA,NA,NA,NA,NA,7/04/2016,20,NA,NA,
Jersey South 2015,,2015,11 U,483479,5438701,,,,,7,"35K,40K,45K,50K,",6/04/2016,NA,NA,NA,NA,9/04/2016,8/04/2016,6/04/2016,NA,NA,NA,NA,NA,NA,NA,NA,NA,NA,NA,NA,NA,NA,NA,NA,NA,NA,NA,NA,NA,NA,NA,NA,NA,NA,NA,NA,NA,NA,NA,NA,NA,NA,NA,NA,NA,NA,NA,NA,NA,NA,NA,NA,NA,NA,NA,NA,NA,NA,NA,NA,NA,NA,Insufficient Number Recordings,4,NA,NA,
Dividend Mine Vicinity 2011,Okanagan,2011,,,,49.01159,NA119.49267,,,216,"40K,50K,LowF,HighF,EPFULANO,",18/04/2013,NA,NA,NA,NA,22/04/2013,NA,23/04/2013,18/04/2013,NA,NA,NA,NA,NA,NA,NA,NA,NA,NA,NA,NA,NA,NA,NA,19/04/2013,NA,NA,NA,NA,NA,NA,7/12/2012,NA,NA,NA,NA,9/10/2012,NA,11/11/2012,1/12/2012,8/11/2012,NA,NA,NA,NA,NA,NA,NA,NA,NA,NA,NA,NA,NA,NA,7/12/2012,NA,4/10/2012,NA,NA,NA,NA,31/03/2013,523,5/10/2012,97,
Frederick Mine DB 2011,Kamloops (ask Doug Burles),2011,,,,50.7575,NA120.65658,,,20,"45K,EPFULANO,COTOMYTH,",NA,NA,NA,NA,NA,NA,NA,NA,NA,NA,NA,NA,NA,NA,NA,NA,NA,NA,NA,NA,NA,NA,NA,NA,NA,NA,NA,NA,NA,NA,NA,4/12/2011,NA,NA,NA,NA,NA,2/12/2011,NA,NA,NA,NA,NA,NA,NA,NA,NA,NA,NA,NA,NA,NA,NA,NA,NA,4/12/2011,NA,NA,NA,NA,NA,NA,NA,NA,Insufficient Number Recordings,5,
Lillooet Scallop Roost 2014,near Lillooet,2014,,,,50.82596,NA121.87617,,"river, crevice maternity roost",4,"EPFULANO,",15/04/2015,NA,NA,NA,NA,15/04/2015,19/04/2015,NA,NA,NA,NA,NA,NA,NA,NA,NA,NA,NA,NA,NA,NA,NA,NA,NA,20/04/2015,16/04/2015,19/04/2015,NA,NA,NA,NA,4/11/2014,NA,NA,NA,NA,NA,NA,NA,NA,NA,NA,NA,NA,NA,NA,NA,NA,NA,NA,NA,NA,NA,NA,NA,4/11/2014,NA,17/10/2014,NA,NA,NA,NA,18/04/2015,14,Insufficient Number Recordings,8,
Goldstream Ave Hse Victoria2012,Victoria,2012,,,,48.44611,NA123.48572,,,21,"25K,LowF,EPFULANO,",NA,NA,NA,NA,NA,NA,NA,NA,NA,NA,NA,NA,NA,NA,NA,NA,NA,NA,NA,NA,NA,NA,NA,NA,NA,NA,NA,NA,NA,NA,NA,24/12/2012,NA,24/12/2012,NA,NA,NA,NA,NA,24/12/2012,NA,NA,NA,NA,NA,NA,NA,NA,NA,NA,NA,NA,NA,NA,NA,24/12/2012,NA,NA,NA,NA,NA,NA,NA,NA,Insufficient Number Recordings,5,
Trevlac (Calvert) Victoria 2012,Victoria,2012,,,,48.49602,NA123.44506,,,3,,NA,NA,NA,NA,NA,NA,NA,NA,NA,NA,NA,NA,NA,NA,NA,NA,NA,NA,NA,NA,NA,NA,NA,NA,NA,NA,NA,NA,NA,NA,NA,15/10/2012,NA,NA,NA,NA,NA,15/10/2012,NA,12/10/2012,NA,NA,NA,NA,NA,NA,NA,NA,NA,NA,NA,NA,NA,NA,NA,NA,NA,NA,NA,NA,NA,NA,NA,NA,Insufficient Number Recordings,10,
Trevlac (Calvert) Victoria 2013,,2013,,,,48.49602,NA123.44506,,,48,"45K,50K,LowF,EPFULANO,",3/03/2014,NA,NA,NA,NA,NA,NA,3/03/2014,NA,NA,NA,NA,NA,NA,NA,NA,NA,NA,NA,NA,NA,NA,NA,NA,NA,NA,NA,NA,NA,NA,NA,NA,NA,NA,NA,NA,NA,NA,NA,NA,NA,NA,NA,NA,NA,NA,NA,NA,NA,NA,NA,NA,NA,NA,NA,NA,NA,NA,NA,NA,NA,NA,Insufficient Number Recordings,5,NA,NA,
Goldstream Shaft 23 2013,Victoria,2013,,,,48.46527,NA123.54338,,,ND,ND,NA,ND,ND,ND,ND,ND,ND,ND,ND,ND,ND,ND,ND,ND,ND,ND,ND,ND,ND,ND,ND,ND,ND,ND,ND,ND,ND,ND,ND,ND,ND,NA,ND,ND,ND,ND,ND,ND,ND,ND,ND,ND,ND,ND,ND,ND,ND,ND,ND,ND,ND,ND,ND,ND,ND,ND,ND,ND,ND,ND,ND,ND,ND,ND,ND,ND,
Goldstream Myke Mine 2013,Victoria,2013,,,,48.46577,NA123.54322,,,3,"50K,COTO,",NA,NA,NA,NA,NA,NA,NA,NA,NA,NA,NA,NA,NA,NA,NA,NA,NA,NA,NA,NA,NA,NA,NA,NA,NA,NA,NA,NA,NA,NA,NA,7/11/2013,NA,NA,NA,NA,NA,NA,1/11/2013,NA,NA,NA,NA,NA,NA,NA,7/11/2013,NA,NA,NA,NA,NA,NA,NA,NA,NA,NA,NA,NA,NA,NA,NA,NA,NA,Insufficient Number Recordings,1,
Goldstream Keens Mine 2012,Victoria,2012,,,,48.46577,NA123.54322,,,ND,ND,NA,ND,ND,ND,ND,ND,ND,ND,ND,ND,ND,ND,ND,ND,ND,ND,ND,ND,ND,ND,ND,ND,ND,ND,ND,ND,ND,ND,ND,ND,ND,NA,ND,ND,ND,ND,ND,ND,ND,ND,ND,ND,ND,ND,ND,ND,ND,ND,ND,ND,ND,ND,ND,ND,ND,ND,ND,ND,ND,ND,ND,ND,ND,ND,ND,ND,
Goldstream Van Island 2011,Victoria,2011,,,,48.46577,NA123.54322,,,0,,NA,NA,NA,NA,NA,NA,NA,NA,NA,NA,NA,NA,NA,NA,NA,NA,NA,NA,NA,NA,NA,NA,NA,NA,NA,NA,NA,NA,NA,NA,NA,24/10/2011,NA,23/10/2011,21/10/2011,NA,24/10/2011,24/10/2011,23/10/2011,NA,NA,NA,NA,NA,NA,NA,NA,NA,NA,NA,NA,NA,NA,NA,NA,NA,NA,NA,NA,NA,NA,NA,NA,NA,21/10/2011,161,
Tahsis Anabat 2014,Tahsis,2014,09 U,668778,5531363,,,,coastal river,169,"45K,50K,EPFULANO,COTOMYTH,",6/03/2015,NA,NA,NA,NA,NA,14/03/2015,13/03/2015,NA,NA,NA,NA,NA,NA,NA,NA,NA,NA,NA,NA,NA,NA,NA,NA,6/03/2015,NA,NA,NA,NA,NA,NA,18/11/2014,NA,NA,NA,NA,25/10/2014,24/10/2014,18/11/2014,NA,NA,NA,NA,NA,NA,NA,NA,NA,NA,NA,NA,NA,NA,NA,NA,NA,NA,NA,NA,NA,NA,NA,7/03/2015,128,24/10/2014,11,
Horne Lake 2011,Qualicum Beach,2011,,,,49.34389,NA124.73585,,,1,"45K,",NA,NA,NA,NA,NA,NA,NA,NA,NA,NA,NA,NA,NA,NA,NA,NA,NA,NA,NA,NA,NA,NA,NA,NA,NA,NA,NA,NA,NA,NA,NA,NA,NA,NA,NA,NA,NA,NA,NA,NA,NA,NA,NA,NA,NA,NA,NA,NA,NA,NA,NA,NA,NA,NA,NA,NA,NA,NA,NA,NA,NA,NA,NA,NA,NA,NA,
Horne Lake 2012,,2012,,,,49.34389,NA124.73585,,,4,"45K,EPFULANO,",NA,NA,NA,NA,NA,NA,NA,NA,NA,NA,NA,NA,NA,NA,NA,NA,NA,NA,NA,NA,NA,NA,NA,NA,NA,NA,NA,NA,NA,NA,NA,11/12/2012,NA,NA,NA,NA,11/10/2012,11/12/2012,NA,NA,NA,NA,24/10/2012,NA,NA,NA,NA,NA,NA,NA,NA,NA,NA,NA,NA,1/11/2012,7/10/2012,NA,NA,NA,NA,NA,NA,NA,10/10/2012,117,
Stanley Park 2014,Vancouver,2014,10 U,489780,5460939,,,,"building,maternity roost",9,"LowF,EPFULANO,",NA,NA,NA,NA,NA,NA,NA,NA,NA,NA,NA,NA,NA,NA,NA,NA,NA,NA,NA,NA,NA,NA,NA,NA,NA,NA,NA,NA,NA,NA,NA,10/11/2014,NA,NA,NA,NA,NA,16/10/2014,19/10/2014,4/11/2014,NA,NA,NA,NA,NA,NA,NA,NA,NA,NA,NA,NA,NA,NA,NA,10/11/2014,NA,NA,NA,NA,NA,NA,NA,NA,18/10/2014,85,
Prince Rupert 2014,,2014,,,,54.3046,NA130.33872,,,0,,23/04/2015,NA,NA,NA,NA,23/04/2015,NA,23/04/2015,NA,NA,NA,NA,NA,NA,NA,NA,NA,NA,NA,NA,NA,NA,NA,NA,NA,NA,NA,NA,NA,NA,NA,25/10/2014,NA,NA,NA,22/09/2014,25/10/2014,25/10/2014,28/09/2014,NA,NA,NA,NA,NA,NA,NA,NA,NA,NA,NA,NA,NA,NA,NA,NA,NA,NA,NA,NA,NA,NA,NA,Insufficient Number Recordings,5,22/09/2014,439,
Kasiks 2014,Prince RupertNATerrace,2014,,,,54.29618,NA129.3941,,,4,"50K,",18/04/2015,NA,NA,NA,NA,21/04/2015,22/04/2015,23/04/2015,NA,NA,NA,NA,NA,NA,NA,NA,NA,NA,NA,NA,NA,NA,NA,NA,18/04/2015,NA,NA,NA,NA,NA,NA,14/11/2014,NA,NA,NA,NA,NA,6/10/2014,14/11/2014,NA,NA,NA,NA,NA,NA,NA,NA,NA,NA,NA,NA,NA,NA,NA,NA,NA,NA,NA,NA,NA,NA,NA,20/04/2015,189,4/10/2014,13,
Arch Cave 2014,near Port McNeill,2014,,,,50.42153,NA126.8991,,cave,ND,ND,NA,ND,ND,ND,ND,ND,ND,ND,ND,ND,ND,ND,ND,ND,ND,ND,ND,ND,ND,ND,ND,ND,ND,ND,ND,ND,ND,ND,ND,ND,ND,NA,ND,ND,ND,ND,ND,ND,ND,ND,ND,ND,ND,ND,ND,ND,ND,ND,ND,ND,ND,ND,ND,ND,ND,ND,ND,ND,ND,ND,ND,ND,ND,ND,ND,ND,
Dreamtime 2014,near Port McNeill,2014,,,,50.34805,NA126.8576,,cave,ND,ND,NA,ND,ND,ND,ND,ND,ND,ND,ND,ND,ND,ND,ND,ND,ND,ND,ND,ND,ND,ND,ND,ND,ND,ND,ND,ND,ND,ND,ND,ND,ND,NA,ND,ND,ND,ND,ND,ND,ND,ND,ND,ND,ND,ND,ND,ND,ND,ND,ND,ND,ND,ND,ND,ND,ND,ND,ND,ND,ND,ND,ND,ND,ND,ND,ND,ND,
Dreamtime Cave M Davis 2011,,2011,,,,,,,,1,"40K,",NA,NA,NA,NA,NA,NA,NA,NA,NA,NA,NA,NA,NA,NA,NA,NA,NA,NA,NA,NA,NA,NA,NA,NA,NA,NA,NA,NA,NA,NA,NA,3/12/2011,NA,NA,NA,NA,3/12/2011,NA,NA,NA,NA,NA,NA,NA,NA,NA,NA,NA,NA,NA,NA,NA,NA,NA,NA,NA,NA,NA,NA,NA,NA,NA,NA,NA,Insufficient Number Recordings,1,
Labyrinth Cave Roostlogger2012,Tahsis,2012,,,,49.88447,NA126.61232,,,0,,9/05/2013,NA,NA,NA,NA,9/05/2013,NA,NA,NA,NA,NA,NA,NA,NA,NA,NA,NA,NA,NA,NA,NA,NA,NA,NA,NA,NA,NA,NA,NA,NA,NA,NA,NA,NA,NA,NA,NA,NA,NA,NA,NA,NA,NA,NA,NA,NA,NA,NA,NA,NA,NA,NA,NA,NA,NA,NA,NA,NA,NA,NA,NA,NA,3/05/2013,42,NA,NA,
Tow Hill 2014,Haida Gwaii,2014,,,,54.07445,NA131.79941,,,985,"45K,50K,",11/03/2015,NA,NA,NA,NA,NA,NA,11/03/2015,NA,NA,NA,NA,NA,NA,NA,NA,NA,NA,NA,NA,NA,NA,NA,NA,NA,NA,NA,NA,NA,NA,NA,30/12/2014,NA,NA,NA,NA,4/10/2014,16/11/2014,30/12/2014,NA,NA,NA,NA,NA,NA,NA,NA,NA,NA,NA,NA,NA,NA,NA,NA,NA,NA,NA,NA,NA,NA,NA,7/03/2015,26,26/09/2014,915,
Terrace NA ferry island 2014,Terrace,2014,,,,54.50113,NA128.58145,,,ND,ND,NA,ND,ND,ND,ND,ND,ND,ND,ND,ND,ND,ND,ND,ND,ND,ND,ND,ND,ND,ND,ND,ND,ND,ND,ND,ND,ND,ND,ND,ND,ND,NA,ND,ND,ND,ND,ND,ND,ND,ND,ND,ND,ND,ND,ND,ND,ND,ND,ND,ND,ND,ND,ND,ND,ND,ND,ND,ND,ND,ND,ND,ND,ND,ND,ND,ND,
Nass Bridge 2014,,2014,,,,55.06196,NA129.47214,,,0,,19/04/2015,NA,NA,NA,NA,NA,NA,19/04/2015,NA,NA,NA,NA,NA,NA,NA,NA,NA,NA,NA,NA,NA,NA,NA,NA,19/04/2015,NA,NA,NA,NA,NA,NA,17/10/2014,NA,NA,NA,NA,28/09/2014,6/10/2014,17/10/2014,NA,NA,NA,NA,NA,NA,NA,NA,NA,NA,NA,NA,NA,NA,NA,NA,NA,NA,NA,NA,NA,NA,NA,7/04/2015,1144,28/09/2014,1050,
Bear Lake 2011,Vancouver island,2011,,,,48.81767,NA124.13,,,2,"45K,EPFULANO,",22/04/2012,NA,NA,NA,NA,22/04/2012,9/05/2012,NA,NA,NA,6/05/2012,NA,NA,NA,NA,NA,NA,NA,NA,NA,NA,NA,NA,NA,15/05/2012,NA,NA,NA,NA,NA,NA,NA,NA,NA,NA,NA,NA,NA,NA,NA,NA,NA,NA,NA,NA,NA,NA,NA,NA,NA,NA,NA,NA,NA,NA,NA,NA,NA,NA,NA,NA,NA,13/05/2012,68,NA,NA,
Macmillan Cathedral Grove 2013,"Port Alberni, Weymer P Park",2012,,,,49.29138,NA124.66221,,,19,"45K,50K,EPFULANO,COTOMYTH,",NA,NA,NA,NA,NA,NA,NA,NA,NA,NA,NA,NA,NA,NA,NA,NA,NA,NA,NA,NA,NA,NA,NA,NA,NA,NA,NA,NA,NA,NA,NA,29/12/2012,NA,NA,NA,NA,NA,29/12/2012,23/12/2012,NA,NA,NA,NA,NA,NA,NA,NA,NA,NA,NA,NA,NA,NA,NA,NA,26/12/2012,26/12/2012,NA,NA,NA,NA,NA,NA,NA,Insufficient Number Recordings,7,
Vignette Cave M Davis2011,,2011,,,,49.32397,NA124.76492,,,1,"50K,",NA,NA,NA,NA,NA,NA,NA,NA,NA,NA,NA,NA,NA,NA,NA,NA,NA,NA,NA,NA,NA,NA,NA,NA,NA,NA,NA,NA,NA,NA,NA,29/11/2011,NA,NA,NA,NA,NA,NA,29/11/2011,NA,NA,NA,NA,NA,NA,NA,NA,NA,NA,NA,NA,NA,NA,NA,NA,NA,NA,NA,NA,NA,NA,NA,NA,NA,Insufficient Number Recordings,1,
Kokanee Glacier Mine 2013,Nelson,2013,,,,49.73073,NA117.15161,,,ND,ND,NA,ND,ND,ND,ND,ND,ND,ND,ND,ND,ND,ND,ND,ND,ND,ND,ND,ND,ND,ND,ND,ND,ND,ND,ND,ND,ND,ND,ND,ND,ND,NA,ND,ND,ND,ND,ND,ND,ND,ND,ND,ND,ND,ND,ND,ND,ND,ND,ND,ND,ND,ND,ND,ND,ND,ND,ND,ND,ND,ND,ND,ND,ND,ND,ND,ND,
Old Tom Moore mine 2012,Retallick,2012,,,,50.00388,NA117.20313,,mine,0,,NA,NA,NA,NA,NA,NA,NA,NA,NA,NA,NA,NA,NA,NA,NA,NA,NA,NA,NA,NA,NA,NA,NA,NA,NA,NA,NA,NA,NA,NA,NA,8/10/2012,NA,NA,NA,NA,6/10/2012,8/10/2012,6/10/2012,NA,NA,NA,NA,NA,NA,NA,NA,NA,NA,NA,NA,NA,NA,NA,NA,NA,NA,NA,NA,NA,NA,NA,NA,NA,28/09/2012,25,
Rambler Caribou Mine 2012,Retallick,2012,,,,50.01006,NA117.1972,,,ND,ND,NA,ND,ND,ND,ND,ND,ND,ND,ND,ND,ND,ND,ND,ND,ND,ND,ND,ND,ND,ND,ND,ND,ND,ND,ND,ND,ND,ND,ND,ND,ND,NA,ND,ND,ND,ND,ND,ND,ND,ND,ND,ND,ND,ND,ND,ND,ND,ND,ND,ND,ND,ND,ND,ND,ND,ND,ND,ND,ND,ND,ND,ND,ND,ND,ND,ND,
Bridal Lake Stagleap Park 2011,SalmoNACreston,2009,,,,49.0617,NA117.04029,,,0,,12/05/2010,NA,NA,NA,NA,14/05/2010,15/05/2010,NA,NA,NA,NA,NA,NA,NA,NA,NA,NA,NA,NA,NA,NA,NA,NA,NA,12/05/2010,NA,NA,NA,NA,NA,NA,NA,NA,NA,NA,NA,NA,NA,NA,NA,NA,NA,NA,NA,NA,NA,NA,NA,NA,NA,NA,NA,NA,NA,NA,NA,NA,NA,NA,NA,NA,NA,19/04/2010,72,NA,NA,
Great Britain Meadow Mtn 2012,north end of Kootenay LK,2012,,,,50.24732,NA117.12625,,,ND,ND,NA,ND,ND,ND,ND,ND,ND,ND,ND,ND,ND,ND,ND,ND,ND,ND,ND,ND,ND,ND,ND,ND,ND,ND,ND,ND,ND,ND,ND,ND,ND,NA,ND,ND,ND,ND,ND,ND,ND,ND,ND,ND,ND,ND,ND,ND,ND,ND,ND,ND,ND,ND,ND,ND,ND,ND,ND,ND,ND,ND,ND,ND,ND,ND,ND,ND,
Fang Cave,SE of Prince George,ND,,,,54.098,NA121.36032,,,ND,ND,NA,ND,ND,ND,ND,ND,ND,ND,ND,ND,ND,ND,ND,ND,ND,ND,ND,ND,ND,ND,ND,ND,ND,ND,ND,ND,ND,ND,ND,ND,ND,NA,ND,ND,ND,ND,ND,ND,ND,ND,ND,ND,ND,ND,ND,ND,ND,ND,ND,ND,ND,ND,ND,ND,ND,ND,ND,ND,ND,ND,ND,ND,ND,ND,ND,ND,
Casino Adit 2011,Trail,2011,,,,49.07792,NA117.65042,,,2,"MYYUMYCA,",NA,NA,NA,NA,NA,NA,NA,NA,NA,NA,NA,NA,NA,NA,NA,NA,NA,NA,NA,NA,NA,NA,NA,NA,NA,NA,NA,NA,NA,NA,NA,25/11/2011,NA,NA,NA,NA,NA,NA,NA,NA,NA,NA,NA,NA,NA,NA,NA,NA,NA,NA,NA,NA,NA,NA,NA,NA,NA,NA,NA,NA,25/11/2011,NA,NA,NA,Insufficient Number Recordings,2,
Cummings Mine Adit 2012,BoswellNASanca,2012,,,,49.41898,NA116.72759,,,0,,NA,NA,NA,NA,NA,NA,NA,NA,NA,NA,NA,NA,NA,NA,NA,NA,NA,NA,NA,NA,NA,NA,NA,NA,NA,NA,NA,NA,NA,NA,NA,27/09/2012,NA,NA,27/09/2012,NA,NA,NA,NA,NA,NA,NA,NA,NA,NA,NA,NA,NA,NA,NA,NA,NA,NA,NA,NA,NA,NA,NA,NA,NA,NA,NA,NA,NA,Insufficient Number Recordings,1,
Gillians Meadow 2009,Meadow Creek,2008,,,,50.18683,NA116.93802,,,105,"50K,LowF,HighF,EPFULANO,",1/05/2009,NA,NA,NA,NA,15/05/2009,NA,15/05/2009,10/05/2009,NA,NA,NA,NA,NA,NA,NA,NA,NA,NA,NA,NA,NA,NA,NA,1/05/2009,NA,NA,NA,NA,NA,NA,18/11/2008,NA,NA,NA,NA,8/10/2012,NA,5/11/2012,5/11/2012,18/11/2012,NA,NA,NA,NA,NA,NA,NA,NA,NA,NA,NA,NA,NA,NA,7/09/2012,NA,NA,NA,NA,NA,NA,14/04/2009,474,28/10/2008,142,
iron creek 2014,Castlegar,2014,,,,49.29425,NA117.60945,,trail near talus,34,"HighF,",NA,NA,NA,NA,NA,NA,NA,NA,NA,NA,NA,NA,NA,NA,NA,NA,NA,NA,NA,NA,NA,NA,NA,NA,NA,NA,NA,NA,NA,NA,NA,17/12/2014,NA,NA,NA,NA,NA,NA,NA,NA,17/12/2014,NA,NA,NA,NA,NA,NA,NA,NA,NA,NA,NA,NA,NA,NA,NA,NA,NA,NA,NA,NA,NA,NA,NA,26/11/2014,13,
Boulder Crk CVWMA2012,Creston/CVWMA,2012,,,,49.28375,NA116.65735,,,59,"50K,HighF,EPFULANO,",NA,NA,NA,NA,NA,NA,NA,NA,NA,NA,NA,NA,NA,NA,NA,NA,NA,NA,NA,NA,NA,NA,NA,NA,NA,NA,NA,NA,NA,NA,NA,5/12/2012,NA,NA,NA,NA,15/10/2012,NA,5/12/2012,23/10/2012,5/11/2012,NA,NA,NA,NA,NA,NA,NA,NA,NA,NA,NA,NA,NA,NA,5/11/2012,NA,NA,NA,NA,NA,NA,NA,NA,12/10/2012,805,
Nelway Gated Mine 2010,Nelway,2009,,,,49.06913,NA117.28391,,,20,"30K,COTO,MYCA,",NA,NA,NA,NA,NA,NA,NA,NA,NA,NA,NA,NA,NA,NA,NA,NA,NA,NA,NA,NA,NA,NA,NA,NA,NA,NA,NA,NA,NA,NA,NA,NA,NA,NA,NA,NA,NA,NA,NA,NA,NA,NA,NA,NA,NA,NA,NA,NA,NA,NA,NA,NA,NA,NA,NA,NA,NA,NA,NA,NA,NA,NA,NA,NA,NA,NA,
Next Creek NCC 2012,Creston/CVWMA,2012,,,,49.30214,NA116.76106,,,3,,1/04/2013,20/04/2013,NA,NA,NA,20/04/2013,20/04/2013,20/04/2013,NA,NA,NA,NA,NA,NA,NA,NA,NA,NA,NA,NA,NA,NA,NA,NA,1/04/2013,NA,NA,NA,NA,NA,NA,NA,NA,NA,NA,NA,NA,NA,NA,NA,NA,NA,NA,NA,NA,NA,NA,NA,NA,NA,NA,NA,NA,NA,NA,NA,NA,NA,NA,NA,NA,NA,31/03/2013,1076,Insufficient Number Recordings,3,
QueenVictoriaMine 2014,"Beasly, near Nelson",2013,,,,49.49352,NA117.4496,,,2122,"40K,45K,50K,LowF,HighF,EPFULANO,COTOMYEV,bat,",3/03/2014,NA,NA,NA,NA,24/03/2014,18/03/2014,25/03/2014,10/03/2014,NA,NA,NA,NA,NA,NA,NA,NA,NA,NA,NA,NA,NA,NA,NA,24/03/2014,NA,NA,NA,NA,NA,3/03/2014,NA,NA,NA,NA,NA,NA,NA,NA,NA,NA,NA,NA,NA,NA,NA,NA,NA,NA,NA,NA,NA,NA,NA,NA,NA,NA,NA,NA,NA,NA,NA,3/03/2014,76,NA,NA,
QueenVictoriaMine 2009,,2009,,,,49.49352,NA117.4496,,,1788,"40K,50K,LowF,HighF,EPFULANO,COTOMYEV,bat,",5/03/2010,NA,NA,NA,NA,5/03/2010,NA,5/03/2010,NA,NA,NA,NA,NA,NA,NA,NA,NA,NA,NA,NA,NA,NA,NA,NA,NA,NA,NA,NA,NA,NA,NA,30/12/2009,NA,NA,NA,NA,30/12/2009,NA,30/12/2009,22/12/2009,NA,NA,NA,NA,NA,NA,NA,NA,NA,NA,NA,NA,NA,NA,NA,16/12/2009,NA,NA,25/12/2009,NA,NA,NA,5/03/2010,306,16/12/2009,98,
QueenVictoriaMine 2010,,2010,,,,49.49352,NA117.4496,,,5427,"40K,45K,50K,LowF,HighF,EPFULANO,COTOMYEV,bat,",1/03/2011,NA,NA,NA,NA,NA,NA,1/03/2011,1/03/2011,NA,NA,NA,NA,NA,NA,NA,NA,NA,NA,NA,NA,NA,NA,NA,1/03/2011,NA,NA,1/03/2011,NA,NA,NA,30/12/2010,NA,NA,NA,NA,29/12/2010,1/12/2010,30/12/2010,30/12/2010,30/12/2010,NA,NA,NA,NA,NA,NA,NA,NA,NA,NA,NA,NA,NA,NA,29/12/2010,NA,NA,28/12/2010,NA,NA,26/12/2010,1/03/2011,22,10/12/2010,1444,
QueenVictoriaMine 2011,,2011,,,,49.49352,NA117.4496,,,3604,"40K,45K,50K,LowF,HighF,EPFULANO,COTOMYEV,",7/05/2012,NA,NA,NA,NA,15/05/2012,12/05/2012,15/05/2012,15/05/2012,NA,NA,NA,NA,NA,NA,NA,NA,NA,NA,NA,NA,NA,NA,NA,15/05/2012,NA,NA,7/05/2012,NA,NA,NA,30/12/2011,NA,NA,NA,NA,29/12/2011,NA,30/12/2011,30/12/2011,30/12/2011,NA,NA,NA,NA,NA,NA,NA,NA,NA,NA,NA,NA,NA,NA,30/12/2011,NA,NA,NA,NA,NA,NA,9/03/2012,307,21/11/2011,344,
REMAC mine 2013,Nelway,2013,,,,49.0239,NA117.35441,,,1612,"25K,40K,45K,50K,LowF,HighF,EPFULANO,",25/03/2014,NA,31/03/2014,NA,NA,6/04/2014,25/03/2014,11/04/2014,10/04/2014,NA,NA,NA,NA,NA,NA,NA,NA,NA,NA,NA,NA,NA,NA,NA,10/04/2014,NA,NA,NA,NA,NA,NA,NA,NA,NA,NA,NA,NA,NA,NA,NA,NA,NA,NA,NA,NA,NA,NA,NA,NA,NA,NA,NA,NA,NA,NA,NA,NA,NA,NA,NA,NA,NA,12/03/2014,755,NA,NA,
REMAC Mine 2012,,2012,,,,49.0239,NA117.35441,,,3312,"25K,40K,45K,50K,LowF,HighF,EPFULANO,",25/03/2013,NA,NA,NA,NA,20/04/2013,25/03/2013,18/04/2013,19/04/2013,NA,NA,NA,NA,NA,NA,NA,NA,NA,NA,NA,NA,NA,NA,NA,15/04/2013,NA,NA,NA,NA,NA,NA,30/12/2012,NA,1/12/2012,NA,NA,22/12/2012,21/11/2012,30/12/2012,24/12/2012,30/12/2012,NA,NA,NA,NA,NA,NA,NA,NA,NA,NA,NA,NA,NA,NA,1/12/2012,19/10/2012,NA,NA,NA,NA,NA,30/03/2013,710,4/11/2012,448,
REMAC Mine 2011,,2011,,,,49.0239,NA117.35441,,,1699,"45K,50K,LowF,HighF,EPFULANO,",NA,NA,NA,NA,NA,NA,NA,NA,NA,NA,NA,NA,NA,NA,NA,NA,NA,NA,NA,NA,NA,NA,NA,NA,NA,NA,NA,NA,NA,NA,NA,11/12/2011,NA,NA,NA,NA,17/10/2011,NA,11/12/2011,10/12/2011,11/12/2011,NA,NA,NA,NA,NA,NA,NA,NA,NA,NA,NA,NA,NA,NA,6/12/2011,NA,NA,NA,NA,NA,NA,NA,NA,8/11/2011,258,
REMAC Mine 2015,,2015,,,,49.0239,NA117.35441,,,2330,"25K,40K,45K,",31/03/2016,NA,9/04/2016,8/04/2016,9/04/2016,9/04/2016,9/04/2016,31/03/2016,NA,NA,NA,NA,NA,NA,NA,NA,NA,NA,NA,NA,NA,NA,NA,NA,NA,NA,NA,NA,NA,NA,NA,30/12/2015,NA,29/12/2015,NA,NA,30/12/2015,30/12/2015,NA,NA,NA,NA,NA,NA,NA,NA,NA,NA,NA,NA,NA,NA,NA,NA,NA,NA,NA,NA,NA,NA,NA,NA,30/03/2016,602,12/11/2015,96,
Woodbury Mine (ONE mic only2014,near Ainsworth,2013,,,,49.77835,NA116.90425,,mine,607,"50K,EPFULANO,",NA,NA,NA,NA,NA,NA,NA,NA,NA,NA,NA,NA,NA,NA,NA,NA,NA,NA,NA,NA,NA,NA,NA,NA,NA,NA,NA,NA,NA,NA,NA,NA,NA,NA,NA,NA,NA,NA,NA,NA,NA,NA,NA,NA,NA,NA,NA,NA,NA,NA,NA,NA,NA,NA,NA,NA,NA,NA,NA,NA,NA,NA,NA,NA,NA,NA,
Woodbury Mine (ONE mic only2012,Ainsworth,2011,,,,49.77953,NA116.90941,,,0,,19/04/2012,NA,NA,NA,NA,NA,19/04/2012,19/04/2012,19/04/2012,NA,NA,NA,NA,NA,NA,NA,NA,NA,NA,NA,NA,NA,NA,NA,19/04/2012,NA,NA,NA,NA,NA,NA,NA,NA,NA,NA,NA,NA,NA,NA,NA,NA,NA,NA,NA,NA,NA,NA,NA,NA,NA,NA,NA,NA,NA,NA,NA,NA,NA,NA,NA,NA,NA,19/04/2012,75,NA,NA,
4 mile mine Hazelton 2014,Hazelton,2014,09 U,591365,6126297,,,,mine,ND,ND,NA,ND,ND,ND,ND,ND,ND,ND,ND,ND,ND,ND,ND,ND,ND,ND,ND,ND,ND,ND,ND,ND,ND,ND,ND,ND,ND,ND,ND,ND,ND,NA,ND,ND,ND,ND,ND,ND,ND,ND,ND,ND,ND,ND,ND,ND,ND,ND,ND,ND,ND,ND,ND,ND,ND,ND,ND,ND,ND,ND,ND,ND,ND,ND,ND,ND,
Hazelton Skeena R 2014,Hazelton,2014,09 U,584431,6121991,,,,river,0,,9/04/2015,NA,NA,NA,NA,24/04/2015,24/04/2015,NA,9/04/2015,NA,NA,NA,NA,NA,NA,NA,NA,NA,NA,NA,NA,NA,NA,NA,24/04/2015,NA,NA,NA,NA,NA,NA,11/10/2014,NA,NA,NA,NA,11/10/2014,2/10/2014,NA,NA,NA,NA,NA,NA,NA,NA,NA,NA,NA,NA,NA,NA,NA,NA,NA,NA,NA,NA,NA,NA,NA,NA,22/04/2015,61,Insufficient Number Recordings,8,
Allan Marlow 2009,Staubert Lake,2009,,,,50.68883,NA117.65914,,,0,,3/03/2010,NA,NA,NA,NA,NA,3/03/2010,NA,NA,NA,NA,NA,NA,NA,NA,NA,NA,NA,NA,NA,NA,NA,NA,NA,NA,NA,NA,NA,NA,NA,NA,NA,NA,NA,NA,NA,NA,NA,NA,NA,NA,NA,NA,NA,NA,NA,NA,NA,NA,NA,NA,NA,NA,NA,NA,NA,NA,NA,NA,NA,NA,NA,Insufficient Number Recordings,1,NA,NA,
Bullock Mine 2012,north end of Kootenay LK,2012,,,,50.3984,NA117.12203,,,0,,NA,NA,NA,NA,NA,NA,NA,NA,NA,NA,NA,NA,NA,NA,NA,NA,NA,NA,NA,NA,NA,NA,NA,NA,NA,NA,NA,NA,NA,NA,NA,9/10/2012,NA,NA,NA,NA,NA,NA,9/10/2012,NA,NA,NA,NA,NA,NA,NA,NA,NA,NA,NA,NA,NA,NA,NA,NA,NA,NA,NA,NA,NA,NA,NA,NA,NA,Insufficient Number Recordings,1,
Cody Cave 2012,Ainsworth,2012,,,,49.72749,NA116.951,,,ND,ND,NA,ND,ND,ND,ND,ND,ND,ND,ND,ND,ND,ND,ND,ND,ND,ND,ND,ND,ND,ND,ND,ND,ND,ND,ND,ND,ND,ND,ND,ND,ND,NA,ND,ND,ND,ND,ND,ND,ND,ND,ND,ND,ND,ND,ND,ND,ND,ND,ND,ND,ND,ND,ND,ND,ND,ND,ND,ND,ND,ND,ND,ND,ND,ND,ND,ND,
Gerrard 2012,Trout Lake,2011,,,,50.51044,NA117.27609,,,0,,24/03/2012,NA,NA,NA,NA,7/04/2012,NA,7/04/2012,NA,NA,NA,NA,NA,NA,NA,NA,NA,NA,NA,NA,NA,NA,NA,NA,24/03/2012,NA,NA,NA,NA,NA,NA,NA,NA,NA,NA,NA,NA,NA,NA,NA,NA,NA,NA,NA,NA,NA,NA,NA,NA,NA,NA,NA,NA,NA,NA,NA,NA,NA,NA,NA,NA,NA,5/04/2012,253,NA,NA,
Lardeau N Mine 2011,Lardeau,2011,,,,50.17473,NA116.95981,,,127,"45K,50K,MYCA,EPFULANO,",NA,NA,NA,NA,NA,NA,NA,NA,NA,NA,NA,NA,NA,NA,NA,NA,NA,NA,NA,NA,NA,NA,NA,NA,NA,NA,NA,NA,NA,NA,NA,12/12/2011,NA,NA,NA,NA,NA,8/12/2011,7/12/2011,NA,NA,NA,NA,NA,NA,NA,NA,NA,NA,NA,NA,NA,12/12/2011,NA,NA,12/12/2011,NA,NA,NA,NA,NA,NA,NA,NA,6/12/2011,52,
Lucky Jack 2012,north end of Kootenay LK,2012,,,,50.4118,NA117.11897,,,ND,ND,NA,ND,ND,ND,ND,ND,ND,ND,ND,ND,ND,ND,ND,ND,ND,ND,ND,ND,ND,ND,ND,ND,ND,ND,ND,ND,ND,ND,ND,ND,ND,NA,ND,ND,ND,ND,ND,ND,ND,ND,ND,ND,ND,ND,ND,ND,ND,ND,ND,ND,ND,ND,ND,ND,ND,ND,ND,ND,ND,ND,ND,ND,ND,ND,ND,ND,
Meadow Crk MarbleheadQuarry2011,Meadow Creek,2011,,,,50.25801,NA116.96996,,,ND,ND,NA,ND,ND,ND,ND,ND,ND,ND,ND,ND,ND,ND,ND,ND,ND,ND,ND,ND,ND,ND,ND,ND,ND,ND,ND,ND,ND,ND,ND,ND,ND,NA,ND,ND,ND,ND,ND,ND,ND,ND,ND,ND,ND,ND,ND,ND,ND,ND,ND,ND,ND,ND,ND,ND,ND,ND,ND,ND,ND,ND,ND,ND,ND,ND,ND,ND,
Meadow Creek Hunting Area 2011,Meadow Creek,2011,,,,50.17836,NA116.95863,,,5,"45K,LANO,EPFULANO,",NA,NA,NA,NA,NA,NA,NA,NA,NA,NA,NA,NA,NA,NA,NA,NA,NA,NA,NA,NA,NA,NA,NA,NA,NA,NA,NA,NA,NA,NA,NA,NA,NA,NA,NA,NA,NA,NA,NA,NA,NA,NA,NA,NA,NA,NA,NA,NA,NA,NA,NA,NA,NA,NA,NA,NA,NA,NA,NA,NA,NA,NA,NA,NA,NA,NA,
Moonshine above Lardeau 2012,above Lardeau,2012,,,,50.13465,NA116.955,,,11,"50K,HighF,",18/03/2013,NA,NA,NA,NA,18/03/2013,22/03/2013,22/03/2013,NA,NA,NA,NA,NA,NA,NA,NA,NA,NA,NA,NA,NA,NA,NA,NA,NA,NA,NA,NA,NA,NA,NA,22/12/2012,NA,NA,NA,NA,NA,NA,NA,NA,8/12/2012,NA,NA,NA,NA,NA,NA,NA,NA,NA,NA,NA,NA,NA,NA,NA,NA,NA,NA,NA,NA,22/12/2012,Insufficient Number Recordings,4,Insufficient Number Recordings,1,
Retallick 2011,Retallick,2011,,,,50.03677,NA117.20715,,,ND,ND,NA,ND,ND,ND,ND,ND,ND,ND,ND,ND,ND,ND,ND,ND,ND,ND,ND,ND,ND,ND,ND,ND,ND,ND,ND,ND,ND,ND,ND,ND,ND,NA,ND,ND,ND,ND,ND,ND,ND,ND,ND,ND,ND,ND,ND,ND,ND,ND,ND,ND,ND,ND,ND,ND,ND,ND,ND,ND,ND,ND,ND,ND,ND,ND,ND,ND,
Valhalla 2011,Slocan City,2011,,,,49.77103,NA117.47659,,,ND,ND,NA,ND,ND,ND,ND,ND,ND,ND,ND,ND,ND,ND,ND,ND,ND,ND,ND,ND,ND,ND,ND,ND,ND,ND,ND,ND,ND,ND,ND,ND,ND,NA,ND,ND,ND,ND,ND,ND,ND,ND,ND,ND,ND,ND,ND,ND,ND,ND,ND,ND,ND,ND,ND,ND,ND,ND,ND,ND,ND,ND,ND,ND,ND,ND,ND,ND,
WDKO 2015,near Salmo,2015,11 U,483479,5438701,,,,mine,199,"25K,30K,35K,45K,50K,EPFULANO,",NA,NA,NA,NA,NA,NA,NA,NA,NA,NA,NA,NA,NA,NA,NA,NA,NA,NA,NA,NA,NA,NA,NA,NA,NA,NA,NA,NA,NA,NA,NA,24/12/2015,NA,13/11/2015,16/12/2015,12/11/2015,NA,14/12/2015,24/12/2015,NA,NA,NA,NA,NA,NA,NA,NA,NA,NA,NA,NA,NA,NA,NA,NA,13/12/2015,NA,NA,NA,NA,NA,NA,NA,NA,11/11/2015,161,
Boulder CK Channel 2012,Lardeau Forest,2012,,,,49.28325,NA116.66144,,,59,"50K,HighF,EPFULANO,",NA,NA,NA,NA,NA,NA,NA,NA,NA,NA,NA,NA,NA,NA,NA,NA,NA,NA,NA,NA,NA,NA,NA,NA,NA,NA,NA,NA,NA,NA,NA,5/12/2012,NA,NA,NA,NA,15/10/2012,NA,5/12/2012,23/10/2012,5/11/2012,NA,NA,NA,NA,NA,NA,NA,NA,NA,NA,NA,NA,NA,NA,5/11/2012,NA,NA,NA,NA,NA,NA,NA,NA,12/10/2012,805,
CVWMA Under Interp Centre 2012,Creston/CVWMA,2012,,,,49.1192,NA116.62949,,,140,"40K,50K,HighF,",4/05/2013,NA,NA,NA,NA,4/05/2013,NA,4/05/2013,4/05/2013,NA,NA,NA,NA,NA,NA,NA,NA,NA,NA,NA,NA,NA,NA,NA,4/05/2013,NA,NA,NA,NA,NA,NA,14/11/2012,NA,NA,NA,NA,1/11/2012,NA,14/11/2012,NA,6/11/2012,NA,NA,NA,NA,NA,NA,NA,NA,NA,NA,NA,NA,NA,NA,NA,NA,NA,NA,NA,NA,NA,2/05/2013,551,30/10/2012,85,
Fort Shepherd in Trail 2012,Trail,2012,,,,49.03336,NA117.61685,,,161,"50K,HighF,EPFULANO,",15/05/2013,NA,NA,NA,NA,15/05/2013,NA,15/05/2013,15/05/2013,NA,NA,NA,NA,NA,NA,NA,NA,NA,NA,NA,NA,NA,NA,NA,15/05/2013,NA,NA,NA,NA,NA,NA,29/10/2012,NA,NA,NA,NA,29/10/2012,14/10/2012,29/10/2012,25/09/2012,29/10/2012,NA,NA,NA,NA,NA,NA,NA,NA,NA,NA,NA,NA,NA,NA,24/10/2012,NA,NA,NA,NA,NA,NA,10/05/2013,1053,12/10/2012,1762,
Fort Shepherd in Trail 2009,Trail,2009,,,,49.03204,NA117.61553,,,1005,"40K,50K,LowF,HighF,",15/03/2010,NA,NA,NA,NA,15/05/2010,7/05/2010,15/05/2010,15/05/2010,NA,NA,NA,NA,NA,NA,NA,NA,NA,NA,15/03/2010,NA,NA,NA,NA,15/05/2010,NA,NA,NA,NA,NA,NA,28/12/2009,NA,NA,NA,NA,15/12/2009,NA,17/12/2009,29/11/2009,28/12/2009,NA,NA,NA,NA,NA,NA,NA,NA,NA,NA,NA,NA,NA,NA,NA,NA,NA,NA,NA,NA,NA,15/05/2010,1240,14/12/2009,677,
Fort Shepherd in Trail 2011,,2011,,,,49.03204,NA117.61553,,,573,"40K,45K,50K,HighF,MYSE,EPFULANO,",NA,NA,NA,NA,NA,NA,NA,NA,NA,NA,NA,NA,NA,NA,NA,NA,NA,NA,NA,NA,NA,NA,NA,NA,NA,NA,NA,NA,NA,NA,NA,30/12/2011,NA,NA,NA,NA,24/12/2011,23/11/2011,30/12/2011,NA,30/12/2011,NA,NA,NA,NA,NA,NA,NA,NA,NA,13/11/2011,NA,NA,NA,NA,30/12/2011,NA,NA,NA,NA,NA,NA,NA,NA,19/10/2011,398,
FrogBear CVWMA (spring2014only),Creston/CVWMA,2013,,,,49.20317,NA116.59158,,,0,,1/05/2014,NA,NA,NA,NA,NA,2/05/2014,2/05/2014,2/05/2014,NA,NA,NA,NA,NA,NA,NA,NA,NA,NA,NA,NA,NA,NA,NA,NA,NA,NA,NA,NA,NA,1/05/2014,NA,NA,NA,NA,NA,NA,NA,NA,NA,NA,NA,NA,NA,NA,NA,NA,NA,NA,NA,NA,NA,NA,NA,NA,NA,NA,NA,NA,NA,NA,NA,30/04/2014,3725,NA,NA,
Grammas Adit (2) 2013,Creston,2011,,,,49.13615,NA116.53193,,mine,0,,NA,NA,NA,NA,NA,NA,NA,NA,NA,NA,NA,NA,NA,NA,NA,NA,NA,NA,NA,NA,NA,NA,NA,NA,NA,NA,NA,NA,NA,NA,NA,16/10/2011,NA,NA,NA,NA,NA,NA,16/10/2011,NA,16/10/2011,NA,NA,NA,NA,NA,NA,NA,NA,NA,NA,NA,NA,NA,NA,NA,NA,NA,NA,NA,NA,NA,NA,NA,15/10/2011,14,
grammas adit,,ND,,,,49.13615,NA116.53193,,,ND,ND,NA,ND,ND,ND,ND,ND,ND,ND,ND,ND,ND,ND,ND,ND,ND,ND,ND,ND,ND,ND,ND,ND,ND,ND,ND,ND,ND,ND,ND,ND,ND,NA,ND,ND,ND,ND,ND,ND,ND,ND,ND,ND,ND,ND,ND,ND,ND,ND,ND,ND,ND,ND,ND,ND,ND,ND,ND,ND,ND,ND,ND,ND,ND,ND,ND,ND,
Kuskanook 2014,north of Creston,2014,,,,49.30385,NA116.66476,,"building,maternity roost",169,"40K,50K,EPFULANO,",27/03/2015,NA,NA,NA,NA,3/04/2015,NA,5/04/2015,NA,NA,NA,NA,NA,NA,NA,NA,NA,NA,NA,NA,NA,NA,NA,NA,5/04/2015,NA,NA,NA,NA,27/03/2015,NA,28/12/2014,NA,NA,NA,NA,28/12/2014,NA,NA,NA,NA,NA,NA,NA,NA,NA,NA,NA,NA,NA,NA,NA,NA,NA,NA,28/12/2014,NA,NA,NA,NA,NA,NA,27/03/2015,2414,Insufficient Number Recordings,3,
Kuskonook basement 2015,,2015,,,,49.30385,NA116.66476,,,37,"45K,50K,",7/04/2016,NA,NA,NA,NA,NA,NA,7/04/2016,NA,NA,NA,NA,NA,NA,NA,NA,NA,NA,NA,NA,NA,NA,NA,NA,NA,NA,NA,NA,NA,NA,NA,NA,NA,NA,NA,NA,NA,NA,NA,NA,NA,NA,NA,NA,NA,NA,NA,NA,NA,NA,NA,NA,NA,NA,NA,NA,NA,NA,NA,NA,NA,NA,Insufficient Number Recordings,6,NA,NA,
Kuskonook House outside 2015,,2015,,,,49.30385,NA116.66476,,,9,"40K,EPFULANO,",NA,NA,NA,NA,NA,NA,NA,NA,NA,NA,NA,NA,NA,NA,NA,NA,NA,NA,NA,NA,NA,NA,NA,NA,NA,NA,NA,NA,NA,NA,NA,21/12/2015,NA,NA,NA,NA,21/12/2015,NA,NA,NA,NA,NA,NA,NA,NA,NA,NA,NA,NA,NA,NA,NA,NA,NA,NA,12/12/2015,NA,NA,NA,NA,NA,NA,NA,NA,Insufficient Number Recordings,5,
Midgeley NCC 2012,near Leech Lake,2012,,,,49.15672,NA116.64033,,,0,,15/03/2013,NA,NA,NA,NA,31/03/2013,31/03/2013,31/03/2013,15/03/2013,NA,NA,NA,NA,NA,NA,NA,NA,NA,NA,NA,NA,NA,NA,NA,NA,NA,NA,NA,NA,NA,NA,NA,NA,NA,NA,NA,NA,NA,NA,NA,NA,NA,NA,NA,NA,NA,NA,NA,NA,NA,NA,NA,NA,NA,NA,NA,NA,NA,NA,NA,NA,NA,28/03/2013,55,NA,NA,
Mount Thompson Mine 2011,Creston,2011,,,,49.10591,NA116.43106,,,ND,ND,NA,ND,ND,ND,ND,ND,ND,ND,ND,ND,ND,ND,ND,ND,ND,ND,ND,ND,ND,ND,ND,ND,ND,ND,ND,ND,ND,ND,ND,ND,ND,NA,ND,ND,ND,ND,ND,ND,ND,ND,ND,ND,ND,ND,ND,ND,ND,ND,ND,ND,ND,ND,ND,ND,ND,ND,ND,ND,ND,ND,ND,ND,ND,ND,ND,ND,
Pedro 2011,Creston/CVWMA,2011,,,,49.27569,NA116.65206,,,ND,ND,NA,ND,ND,ND,ND,ND,ND,ND,ND,ND,ND,ND,ND,ND,ND,ND,ND,ND,ND,ND,ND,ND,ND,ND,ND,ND,ND,ND,ND,ND,ND,NA,ND,ND,ND,ND,ND,ND,ND,ND,ND,ND,ND,ND,ND,ND,ND,ND,ND,ND,ND,ND,ND,ND,ND,ND,ND,ND,ND,ND,ND,ND,ND,ND,ND,ND,
Reclamation House RL 2012,Peachland roost (2),2012,,,,49.08214,NA116.58114,,,305,"40K,50K,HighF,",4/05/2013,NA,NA,NA,NA,4/05/2013,NA,4/05/2013,4/05/2013,NA,NA,NA,NA,NA,NA,NA,NA,NA,NA,NA,NA,NA,NA,NA,4/05/2013,NA,NA,NA,NA,NA,NA,18/11/2012,NA,NA,NA,NA,12/11/2012,NA,18/11/2012,NA,18/11/2012,NA,NA,NA,NA,NA,NA,NA,NA,NA,NA,NA,NA,NA,NA,NA,NA,NA,NA,NA,NA,NA,2/05/2013,551,13/11/2012,179,
Toni St Mary Lake 2011,Vancouver Island,2011,,,,49.61649,NA116.19829,,,ND,ND,NA,ND,ND,ND,ND,ND,ND,ND,ND,ND,ND,ND,ND,ND,ND,ND,ND,ND,ND,ND,ND,ND,ND,ND,ND,ND,ND,ND,ND,ND,ND,NA,ND,ND,ND,ND,ND,ND,ND,ND,ND,ND,ND,ND,ND,ND,ND,ND,ND,ND,ND,ND,ND,ND,ND,ND,ND,ND,ND,ND,ND,ND,ND,ND,ND,ND,
Copper King 2011,Kimberley,2012,,,,49.503,NA115.35931,,mine hibernaculum,0,,NA,NA,NA,NA,NA,NA,NA,NA,NA,NA,NA,NA,NA,NA,NA,NA,NA,NA,NA,NA,NA,NA,NA,NA,NA,NA,NA,NA,NA,NA,NA,8/09/2012,NA,NA,NA,NA,NA,8/09/2012,NA,NA,NA,NA,NA,NA,NA,NA,NA,NA,NA,NA,NA,NA,NA,NA,NA,NA,NA,NA,NA,NA,NA,NA,NA,NA,Insufficient Number Recordings,1,
Syringa 2012,Syringa Prov Park near Castlegar,2012,,,,49.34936,NA117.88828,,,6,"40K,",NA,NA,NA,NA,NA,NA,NA,NA,NA,NA,NA,NA,NA,NA,NA,NA,NA,NA,NA,NA,NA,NA,NA,NA,NA,NA,NA,NA,NA,NA,NA,7/11/2012,NA,NA,NA,NA,7/11/2012,NA,14/10/2012,11/10/2012,14/10/2012,NA,NA,NA,NA,NA,NA,NA,NA,NA,NA,NA,NA,NA,NA,12/10/2012,21/09/2012,NA,NA,NA,NA,13/10/2012,NA,NA,8/10/2012,698,
Syringa 2011,Syringa Prov Park near Castlegar,2011,,,,49.36373,NA117.92842,,,340,"50K,LowF,HighF,EPFULANO,bat,",NA,NA,NA,NA,NA,NA,NA,NA,NA,NA,NA,NA,NA,NA,NA,NA,NA,NA,NA,NA,NA,NA,NA,NA,NA,NA,NA,NA,NA,NA,NA,30/12/2011,NA,NA,NA,NA,18/10/2011,NA,23/11/2011,23/11/2011,30/12/2011,NA,NA,NA,NA,NA,NA,NA,NA,NA,NA,NA,NA,NA,NA,21/11/2011,20/10/2011,NA,NA,NA,NA,22/11/2011,NA,NA,1/10/2011,183,
Syringa 2009,Syringa Prov Park near Castlegar,2009,,,,49.35473,NA117.89967,,,48,"50K,LowF,HighF,EPFULANO,bat,",7/04/2010,NA,NA,NA,NA,NA,NA,12/04/2010,12/04/2010,NA,NA,NA,NA,NA,NA,NA,NA,NA,NA,NA,NA,NA,NA,NA,12/04/2010,NA,NA,NA,NA,NA,7/04/2010,29/11/2009,NA,NA,NA,NA,NA,NA,NA,NA,NA,NA,NA,NA,NA,NA,NA,NA,NA,NA,NA,NA,NA,NA,NA,29/11/2009,NA,NA,NA,NA,NA,NA,24/03/2010,93,Insufficient Number Recordings,3,
Syringa 2014,,2014,,,,49.35473,NA117.89967,,,30,"LowF,HighF,",NA,NA,NA,NA,NA,NA,NA,NA,NA,NA,NA,NA,NA,NA,NA,NA,NA,NA,NA,NA,NA,NA,NA,NA,NA,NA,NA,NA,NA,NA,NA,22/12/2014,NA,NA,NA,NA,NA,NA,NA,12/12/2014,22/12/2014,NA,NA,NA,NA,NA,NA,NA,NA,NA,NA,NA,NA,NA,NA,NA,NA,NA,NA,NA,NA,NA,NA,NA,Insufficient Number Recordings,7,
Lot48 Columbia Lake NCC 2012,Fairmont Hot Spring,2012,,,,50.28064,NA115.85341,,,7,"LowF,HighF,EPFULANO,MYYUMYCA,",1/03/2013,NA,NA,NA,NA,20/04/2013,NA,19/04/2013,18/04/2013,NA,NA,NA,NA,NA,NA,NA,NA,NA,NA,NA,NA,NA,NA,NA,19/04/2013,NA,NA,NA,20/04/2013,1/03/2013,NA,5/11/2012,NA,NA,NA,NA,28/10/2012,NA,18/10/2012,8/10/2012,5/11/2012,NA,NA,NA,NA,NA,NA,NA,NA,NA,NA,NA,NA,NA,NA,29/09/2012,NA,NA,NA,28/10/2012,NA,NA,2/04/2013,513,14/09/2012,575,
Lot48 Columbia Lake NCC 2013,,2013,,,,50.28064,NA115.85341,,,27,"50K,HighF,",15/05/2014,NA,NA,NA,NA,15/05/2014,NA,15/05/2014,15/05/2014,NA,NA,NA,NA,NA,NA,NA,NA,NA,NA,NA,NA,NA,NA,NA,15/05/2014,NA,NA,NA,15/05/2014,NA,NA,27/12/2013,NA,NA,NA,NA,9/10/2013,NA,2/11/2013,9/10/2013,27/12/2013,NA,NA,NA,NA,NA,NA,NA,NA,NA,NA,NA,NA,NA,NA,6/10/2013,NA,NA,NA,10/10/2013,NA,NA,15/05/2014,2083,5/10/2013,565,
Columbia Lake Lot 48 Part2 2014,,2014,,,,50.28064,NA115.85341,,,5,"50K,EPFULANO,",7/03/2015,NA,NA,NA,NA,NA,7/03/2015,8/03/2015,NA,NA,NA,NA,NA,NA,NA,NA,NA,NA,NA,NA,NA,NA,NA,NA,NA,NA,NA,NA,NA,NA,NA,NA,NA,NA,NA,NA,NA,NA,NA,NA,NA,NA,NA,NA,NA,NA,NA,NA,NA,NA,NA,NA,NA,NA,NA,NA,NA,NA,NA,NA,NA,NA,Insufficient Number Recordings,3,NA,NA,
Columbia Lake Lot 48 Part2 2015,,2015,,,,50.28064,NA115.85341,,,2,"EPFULANO,",NA,NA,NA,NA,NA,NA,NA,NA,NA,NA,NA,NA,NA,NA,NA,NA,NA,NA,NA,NA,NA,NA,NA,NA,NA,NA,NA,NA,NA,NA,NA,13/12/2015,NA,NA,NA,NA,NA,NA,NA,NA,NA,NA,NA,NA,NA,NA,NA,NA,NA,NA,NA,NA,NA,NA,NA,13/12/2015,NA,NA,NA,NA,NA,NA,NA,NA,Insufficient Number Recordings,2,
Summit Lake Crowsnest 2012,Crowsnest Pass,2012,,,,49.6362,NA114.69651,,,1,"bat,",NA,NA,NA,NA,NA,NA,NA,NA,NA,NA,NA,NA,NA,NA,NA,NA,NA,NA,NA,NA,NA,NA,NA,NA,NA,NA,NA,NA,NA,NA,NA,NA,NA,NA,NA,NA,NA,NA,NA,NA,NA,NA,NA,NA,NA,NA,NA,NA,NA,NA,NA,NA,NA,NA,NA,NA,NA,NA,NA,NA,NA,NA,NA,NA,NA,NA,
Lussier Hspring 2012,Canal Flats,2012,,,,50.13494,NA115.57681,,,ND,ND,NA,ND,ND,ND,ND,ND,ND,ND,ND,ND,ND,ND,ND,ND,ND,ND,ND,ND,ND,ND,ND,ND,ND,ND,ND,ND,ND,ND,ND,ND,ND,NA,ND,ND,ND,ND,ND,ND,ND,ND,ND,ND,ND,ND,ND,ND,ND,ND,ND,ND,ND,ND,ND,ND,ND,ND,ND,ND,ND,ND,ND,ND,ND,ND,ND,ND,
Mount Swansea 2012,,2012,,,,50.509,NA115.9498,,,ND,ND,NA,ND,ND,ND,ND,ND,ND,ND,ND,ND,ND,ND,ND,ND,ND,ND,ND,ND,ND,ND,ND,ND,ND,ND,ND,ND,ND,ND,ND,ND,ND,NA,ND,ND,ND,ND,ND,ND,ND,ND,ND,ND,ND,ND,ND,ND,ND,ND,ND,ND,ND,ND,ND,ND,ND,ND,ND,ND,ND,ND,ND,ND,ND,ND,ND,ND,
Elko Broadwood 2012,ElkoNAFernie,2012,,,,49.66705,NA114.90642,,,0,,11/05/2013,NA,NA,NA,NA,14/05/2013,NA,NA,NA,NA,NA,NA,NA,NA,NA,NA,NA,NA,NA,NA,NA,NA,NA,NA,NA,11/05/2013,NA,NA,13/05/2013,NA,NA,25/09/2012,NA,NA,NA,NA,25/09/2012,24/09/2012,NA,12/09/2012,18/09/2012,NA,NA,NA,NA,NA,NA,NA,NA,NA,NA,NA,NA,NA,NA,22/09/2012,18/09/2012,NA,16/09/2012,23/09/2012,NA,NA,8/05/2013,244,18/09/2012,165,
Elko Broadwood 2013,,2013,,,,49.66705,NA114.90642,,,0,,NA,NA,NA,NA,NA,NA,NA,NA,NA,NA,NA,NA,NA,NA,NA,NA,NA,NA,NA,NA,NA,NA,NA,NA,NA,NA,NA,NA,NA,NA,NA,6/10/2013,NA,NA,NA,NA,6/10/2013,NA,NA,NA,NA,NA,NA,NA,NA,NA,NA,NA,NA,NA,NA,NA,NA,NA,NA,NA,NA,NA,NA,NA,NA,NA,NA,NA,25/09/2013,266,
Radium Hot Springs 2014,near Radium,2014,11 U,565637,5608135,,,,"hot springs, rock crevices",2,"EPFU,",NA,NA,NA,NA,NA,NA,NA,NA,NA,NA,NA,NA,NA,NA,NA,NA,NA,NA,NA,NA,NA,NA,NA,NA,NA,NA,NA,NA,NA,NA,NA,NA,NA,NA,NA,NA,NA,NA,NA,NA,NA,NA,NA,NA,NA,NA,NA,NA,NA,NA,NA,NA,NA,NA,NA,NA,NA,NA,NA,NA,NA,NA,NA,NA,NA,NA,
Nickel Plate Tire mine,Penticton,ND,10 U,715988,5472421,,,,mine,ND,ND,NA,ND,ND,ND,ND,ND,ND,ND,ND,ND,ND,ND,ND,ND,ND,ND,ND,ND,ND,ND,ND,ND,ND,ND,ND,ND,ND,ND,ND,ND,ND,NA,ND,ND,ND,ND,ND,ND,ND,ND,ND,ND,ND,ND,ND,ND,ND,ND,ND,ND,ND,ND,ND,ND,ND,ND,ND,ND,ND,ND,ND,ND,ND,ND,ND,ND,
Gilpin Park Grand Forks 2010,Grand Forks,2010,,,,49.01814,NA118.33886,,,43,"LowF,",4/03/2011,NA,NA,NA,NA,NA,NA,NA,7/03/2011,NA,NA,NA,NA,NA,NA,NA,NA,NA,NA,NA,NA,NA,NA,NA,4/03/2011,NA,NA,NA,NA,NA,NA,13/12/2010,NA,NA,NA,NA,NA,NA,NA,13/12/2010,NA,NA,NA,NA,NA,NA,NA,NA,NA,NA,NA,NA,NA,NA,NA,NA,NA,NA,NA,NA,NA,NA,5/03/2011,15,11/12/2010,14,
Skaha Fortress 2012,Okanagan,2012,,,,49.43707,NA119.56755,,,65,"40K,50K,HighF,bat,",25/04/2013,NA,NA,NA,NA,29/04/2013,NA,29/04/2013,27/04/2013,NA,NA,NA,NA,NA,NA,NA,NA,NA,NA,NA,NA,NA,NA,NA,29/04/2013,25/04/2013,NA,NA,NA,NA,NA,16/11/2012,NA,NA,NA,NA,16/11/2012,NA,16/11/2012,6/10/2012,16/11/2012,NA,NA,NA,NA,NA,NA,NA,NA,NA,NA,NA,NA,NA,NA,16/10/2012,NA,NA,NA,NA,NA,12/11/2012,25/04/2013,776,20/09/2012,139,
Skaha Cave Hill 2011,Penticton,2011,,,,49.44906,NA119.56121,,,283,"40K,45K,50K,LowF,HighF,EPFULANO,ANPAEPFU,",15/03/2012,NA,NA,NA,NA,NA,NA,15/03/2012,NA,NA,NA,NA,NA,NA,NA,NA,NA,NA,NA,NA,NA,NA,NA,NA,16/03/2012,NA,NA,NA,NA,NA,NA,30/12/2011,NA,NA,NA,NA,30/12/2011,18/12/2011,29/12/2011,29/12/2011,30/12/2011,NA,NA,NA,NA,NA,NA,NA,NA,NA,NA,NA,NA,NA,NA,29/12/2011,NA,29/12/2011,NA,NA,NA,NA,8/03/2012,35,18/12/2011,63,
Skaha Cave Hill 2012,,2012,,,,49.44906,NA119.56121,,,82,"40K,50K,LowF,HighF,EPFULANO,COTOMYTH,ANPAEPFU,",25/04/2013,NA,NA,NA,NA,27/04/2013,25/04/2013,27/04/2013,27/04/2013,NA,NA,NA,NA,NA,NA,NA,NA,NA,NA,NA,NA,NA,NA,NA,27/04/2013,25/04/2013,27/04/2013,NA,NA,NA,NA,3/12/2012,NA,NA,NA,NA,25/11/2012,NA,30/11/2012,3/12/2012,30/11/2012,NA,NA,NA,NA,NA,NA,NA,NA,NA,NA,NA,NA,NA,NA,3/12/2012,30/11/2012,23/11/2012,NA,NA,NA,21/09/2012,24/04/2013,1016,19/09/2012,237,
Vaseux Eagle Bluff 2014,Oliver,2014,,,,49.26529,NA119.51172,,,162,,NA,NA,NA,NA,NA,NA,NA,NA,NA,NA,NA,NA,NA,NA,NA,NA,NA,NA,NA,NA,NA,NA,NA,NA,NA,NA,NA,NA,NA,NA,NA,NA,NA,NA,NA,NA,NA,NA,NA,NA,NA,NA,NA,NA,NA,NA,NA,NA,NA,NA,NA,NA,NA,NA,NA,NA,NA,NA,NA,NA,NA,NA,NA,NA,18/10/2014,90,
White Lake 2011,Oliver,2011,,,,49.29944,NA119.6223,,,215,"40K,50K,LowF,HighF,EPFULANO,ANPAEPFU,bat,",30/04/2012,NA,NA,NA,NA,2/05/2012,NA,2/05/2012,30/04/2012,NA,NA,NA,NA,NA,NA,NA,NA,NA,NA,NA,NA,NA,NA,NA,30/04/2012,NA,NA,NA,NA,NA,NA,29/12/2011,NA,NA,NA,NA,29/12/2011,NA,NA,28/12/2011,27/12/2011,NA,NA,NA,NA,NA,NA,NA,NA,NA,NA,NA,NA,NA,NA,28/12/2011,NA,NA,NA,NA,NA,21/12/2011,21/04/2012,133,7/12/2011,23,
White Lake 2012,,2012,,,,49.29944,NA119.6223,,,0,,NA,NA,NA,NA,NA,NA,NA,NA,NA,NA,NA,NA,NA,NA,NA,NA,NA,NA,NA,NA,NA,NA,NA,NA,NA,NA,NA,NA,NA,NA,NA,21/10/2012,NA,NA,NA,NA,NA,NA,21/10/2012,NA,18/10/2012,NA,NA,NA,NA,NA,NA,NA,NA,NA,NA,NA,NA,NA,NA,NA,NA,NA,NA,NA,NA,NA,NA,NA,Insufficient Number Recordings,4,
Willowbrook Boar Okanagan 2011,Willowbrook,2011,,,,49.28337,NA119.6163,,,177,"40K,50K,LowF,HighF,EPFULANO,COTOMYTH,ANPAEPFU,",10/04/2012,NA,NA,NA,NA,27/04/2013,25/04/2013,27/04/2013,27/04/2013,NA,NA,NA,NA,NA,NA,NA,NA,NA,NA,NA,NA,NA,NA,NA,27/04/2013,25/04/2013,27/04/2013,NA,NA,NA,10/04/2012,3/12/2011,NA,NA,NA,NA,25/11/2012,NA,30/11/2012,3/12/2012,30/11/2012,NA,NA,NA,NA,NA,NA,NA,NA,NA,NA,NA,NA,NA,NA,3/12/2012,30/11/2012,23/11/2012,NA,NA,NA,21/09/2012,24/04/2012,1016,19/09/2011,237,
Oxbow Park 2011,Grand Forks,2011,,,,49.01531,NA118.34883,,,734,"45K,50K,LowF,HighF,EPFULANO,ANPAEPFU,",19/04/2012,NA,NA,NA,NA,15/05/2012,NA,15/05/2012,15/05/2012,NA,NA,NA,NA,NA,NA,NA,NA,NA,NA,NA,NA,NA,NA,NA,15/05/2012,19/04/2012,15/05/2012,NA,NA,NA,NA,17/12/2011,NA,NA,NA,NA,30/10/2011,17/12/2011,17/12/2011,17/12/2011,17/12/2011,NA,NA,NA,NA,NA,NA,NA,NA,NA,NA,NA,NA,NA,NA,17/12/2011,NA,4/12/2011,NA,NA,NA,NA,15/05/2012,342,30/10/2011,714,
Lillooet Rosebank Mine 2014,near Lillooet,2014,10 U,590467,5597264,,,,mine,5,"45K,",9/04/2015,NA,NA,NA,NA,29/04/2015,9/04/2015,19/04/2015,NA,NA,NA,NA,NA,NA,NA,NA,NA,NA,NA,NA,NA,NA,NA,NA,NA,NA,NA,NA,NA,NA,NA,26/11/2014,NA,NA,NA,NA,NA,26/11/2014,NA,NA,NA,NA,NA,NA,NA,NA,NA,NA,NA,NA,NA,NA,NA,NA,NA,NA,NA,NA,NA,NA,NA,NA,18/04/2015,13,Insufficient Number Recordings,4,
Lillooet Wanderers 2014,near Lillooet,2014,10 U,580501,5608949,,,,pond near rocky outcrops,475,"40K,45K,50K,LowF,EPFULANO,ANPAEPFU,",13/03/2015,NA,NA,NA,NA,23/04/2015,29/04/2015,29/04/2015,29/04/2015,NA,NA,NA,NA,NA,NA,NA,NA,NA,NA,NA,NA,NA,NA,NA,27/04/2015,25/04/2015,28/04/2015,NA,13/03/2015,NA,28/04/2015,22/12/2014,NA,NA,NA,NA,17/11/2014,7/11/2014,22/12/2014,10/12/2014,NA,NA,NA,NA,NA,NA,NA,NA,NA,NA,NA,NA,NA,NA,NA,26/11/2014,NA,NA,NA,NA,NA,NA,27/03/2015,1404,18/10/2014,193,
Vanderhoof Nechako 2014,Vanderhoof,2014,,,,53.6855,NA124.84071,,,0,,NA,NA,NA,NA,NA,NA,NA,NA,NA,NA,NA,NA,NA,NA,NA,NA,NA,NA,NA,NA,NA,NA,NA,NA,NA,NA,NA,NA,NA,NA,NA,22/10/2014,NA,NA,NA,NA,11/10/2014,18/10/2014,NA,NA,NA,NA,NA,NA,NA,NA,NA,NA,NA,NA,NA,NA,NA,NA,NA,22/10/2014,NA,NA,NA,NA,NA,NA,NA,NA,Insufficient Number Recordings,7,
Millers Cave M Davis2011,Duncan,2011,,,,48.7427,NA123.9499,,,2,"45K,",NA,NA,NA,NA,NA,NA,NA,NA,NA,NA,NA,NA,NA,NA,NA,NA,NA,NA,NA,NA,NA,NA,NA,NA,NA,NA,NA,NA,NA,NA,NA,21/11/2011,NA,NA,NA,NA,NA,21/11/2011,NA,NA,NA,NA,NA,NA,NA,NA,NA,NA,NA,NA,NA,NA,NA,NA,NA,NA,NA,NA,NA,NA,NA,NA,NA,NA,Insufficient Number Recordings,2,
Texada Island 2015,Texada Island,2015,10 U,387040,5513180,,,,,19,"25K,40K,45K,",5/03/2016,NA,5/03/2016,NA,NA,5/03/2016,8/03/2016,NA,NA,NA,NA,NA,NA,NA,NA,NA,NA,NA,NA,NA,NA,NA,NA,NA,NA,NA,NA,NA,NA,NA,NA,11/12/2015,NA,8/12/2015,5/10/2015,17/10/2015,13/11/2015,11/12/2015,25/09/2015,NA,NA,NA,NA,NA,NA,NA,NA,NA,NA,NA,NA,NA,NA,NA,NA,NA,NA,NA,NA,NA,NA,NA,Insufficient Number Recordings,4,8/10/2015,66,Anabat SD1
Euclataws Cave 2014,"Horne Lake Prov Park, north Vancouver Island",2014,,,,,,,cave,ND,ND,NA,ND,ND,ND,ND,ND,ND,ND,ND,ND,ND,ND,ND,ND,ND,ND,ND,ND,ND,ND,ND,ND,ND,ND,ND,ND,ND,ND,ND,ND,ND,NA,ND,ND,ND,ND,ND,ND,ND,ND,ND,ND,ND,ND,ND,ND,ND,ND,ND,ND,ND,ND,ND,ND,ND,ND,ND,ND,ND,ND,ND,ND,ND,ND,ND,ND,
Forgotten Mine 2012,north of Meadow Creek (Duncan Reservoir),2012,11 U,504514,5597390,,,1525,,0,,15/05/2013,15/05/2013,NA,NA,NA,15/05/2013,NA,NA,NA,NA,NA,NA,NA,NA,NA,NA,NA,NA,NA,NA,NA,NA,NA,NA,NA,NA,NA,NA,NA,NA,NA,NA,NA,NA,NA,NA,NA,NA,NA,NA,NA,NA,NA,NA,NA,NA,NA,NA,NA,NA,NA,NA,NA,NA,NA,NA,NA,NA,NA,NA,NA,NA,Insufficient Number Recordings,7,NA,NA,
Skaha Cave K Stafford 2013,Penticton,2013,,,,,,,,0,,21/04/2014,NA,NA,NA,NA,15/05/2014,NA,15/05/2014,NA,NA,NA,NA,NA,NA,NA,NA,NA,NA,NA,NA,NA,NA,NA,NA,21/04/2014,NA,NA,NA,NA,NA,NA,NA,NA,NA,NA,NA,NA,NA,NA,NA,NA,NA,NA,NA,NA,NA,NA,NA,NA,NA,NA,NA,NA,NA,NA,NA,NA,NA,NA,NA,NA,NA,30/04/2014,34,NA,NA,
Sunshine Coast 2014,Sunshine Coast,2014,10 U,444918,5512389,,,,? Rocky crevices?,10,"45K,EPFULANO,",12/03/2015,NA,NA,NA,NA,1/04/2015,8/04/2015,8/04/2015,12/03/2015,NA,NA,NA,NA,NA,NA,NA,NA,NA,NA,NA,NA,NA,NA,NA,24/03/2015,NA,NA,NA,NA,NA,NA,NA,NA,NA,NA,NA,NA,NA,NA,NA,NA,NA,NA,NA,NA,NA,NA,NA,NA,NA,NA,NA,NA,NA,NA,NA,NA,NA,NA,NA,NA,NA,30/03/2015,276,NA,NA,
CVWMA CC3 Dike 6 2011,Creston/CVWMA,2011,,,,,,,,2,"40K,50K,",4/05/2013,NA,NA,NA,NA,4/05/2013,NA,4/05/2013,4/05/2013,NA,NA,NA,NA,NA,NA,NA,NA,NA,NA,NA,NA,NA,NA,NA,4/05/2013,NA,NA,NA,NA,NA,NA,4/11/2011,NA,NA,NA,NA,4/11/2011,NA,4/11/2011,NA,NA,NA,NA,NA,NA,NA,NA,NA,NA,NA,NA,NA,NA,NA,NA,NA,NA,NA,NA,NA,NA,NA,2/05/2013,551,Insufficient Number Recordings,2,
Charlie Lake 2015,,2015,,,,,,,,1,"COTO,",19/04/2016,NA,8/05/2016,5/05/2016,8/05/2016,8/05/2016,25/04/2016,NA,NA,NA,19/04/2016,26/04/2016,26/04/2016,NA,NA,NA,NA,20/04/2016,NA,NA,NA,NA,NA,NA,21/04/2016,NA,NA,NA,NA,NA,NA,NA,NA,NA,NA,NA,NA,NA,NA,NA,NA,NA,NA,NA,NA,NA,NA,NA,NA,NA,NA,NA,NA,NA,NA,NA,NA,NA,NA,NA,NA,NA,1/05/2016,972,NA,NA,
Bergeron Cliffs 2015,,2015,,,,,,,,0,,NA,NA,NA,NA,NA,NA,NA,NA,NA,NA,NA,NA,NA,NA,NA,NA,NA,NA,NA,NA,NA,NA,NA,NA,NA,NA,NA,NA,NA,NA,NA,13/09/2015,NA,12/09/2015,NA,12/09/2015,NA,NA,NA,NA,13/09/2015,NA,NA,NA,NA,NA,NA,NA,NA,NA,NA,NA,NA,NA,NA,NA,NA,NA,NA,NA,NA,NA,NA,NA,24/08/2015,1091,
Vaseux Lakeshore 2013,,2013,,,,,,,,681,"LowF,EPFULANO,ANPAEPFU,",14/04/2014,NA,NA,NA,NA,NA,NA,NA,14/04/2014,NA,NA,NA,NA,NA,NA,NA,NA,NA,NA,NA,NA,NA,NA,NA,14/04/2014,NA,NA,NA,NA,NA,NA,30/12/2013,NA,NA,NA,NA,NA,NA,NA,22/10/2013,NA,NA,NA,NA,NA,NA,NA,NA,NA,NA,NA,NA,NA,NA,NA,30/12/2013,NA,7/11/2013,NA,NA,NA,11/12/2013,8/04/2014,560,4/10/2013,915,
