Species,band colour (left FA),band colour (right FA),band number,Genetic sample number,DS I.D.,Bat_ID,recap?,Capture_date,Date banded,Year banded,Capture time,Location,spec. location,"if recap, where originally captured?",Roost:,foraging? ,Sex,Age,repro cond.,description of male epididymes (ratio of flesh colour [percent of stored sperm left]),weight,dig(0)/spr(1),forearm 1,forearm 2,forearm 3,forearm avg,toothclass,Epiphyseal Gap,Parasites? ,parasites collected?,parasite comments:,ticks? SEE SEPARATE FILE FOR MORE ACCURATE 2002 TICK DATA,how many ticks,other Eps?,DNA taken?,Hair sampled?,Fecal sample?,Transmitter #/freq,Trans.Mass,Trans+Bat mass,Release Location:,date transm removed,Data Card?,Ear Length,Tragus Length,Thumb,Foot,Keel,WNS swab,Captured flying into or out of cave,Photo,Comments:,,,,
MYLU,,,,,,100910-01,,10-Sep-10,,,daytime collection,WalkIn Cave,,,roosting on wall of cave,no,F,ADULT,Post-lactating,n/a,8.4,1,37.4,,,,,,,,,,,,y,,,,,,,,,,,,,,,,,deficated,,,,
MYLU,,,,,,100910-02,,10-Sep-10,,,daytime collection,WalkIn Cave,,,roosting on wall of cave,no,M,ADULT,Stored sperm, 1/2,10,1,40.1,,,,,,,,,,,,n,,,,,,,,,12,7,,,,,,,,,,,
MYLU,,,,,,100910-03,,10-Sep-10,,,daytime collection,WalkIn Cave,,,roosting on wall of cave,no,F,ADULT,Post-lactating,n/a,9.2,1,39.5,,,,,,,,,,,,n,,,,,,,,,12,7,,,,,,,deficated,,,,
MYLU,,,,,,100910-04,,10-Sep-10,,,daytime collection,WalkIn Cave,,,roosting on wall of cave,no,M,ADULT,Stored sperm, 7/8,10.4,1,37.5,,,,,,,,,,,,n,,collected,,,,,,,12.5,7,,,,,,,deficated,,,,
EPFU,,,,,,100910-CC3,,10-Sep-10,,,carcass collected floating in cave stream,WalkIn Cave,,,carcass in cave,,F,ADULT,Post-lactating,,NA,,47.9,,,,4,,,,,,,,y,,,,,,,,,,,,,,,,863-882,carcass very fresh - eyes fine and blood came out of nose and mouth when handled.,,,,
Myotis,,,,,,100910-CC1,,10-Sep-10,,,carcass collected from cave floor,WalkIn Cave,,,carcass in cave,,?,ADULT,?,,NA,,37.95,,,,,,,,,,,,y,,,,,,,,,,,,,,,,,carcass quite rotted: ears rotted off and small body with very small feet (MYLU or MYSE?),,,,
EPFU likely,,,,,,100910-CC3,,10-Sep-10,,,carcass collected from cave floor,WalkIn Cave,,,carcass in cave,,?,?,?,,NA,,44.6,,,,,,,,,,,,y,,,,,,,,,,,,,,,,,carcass quite rotten: FA had no skin so just bone length measured.  Found dead in rock rubble at entrance.,,,,
MYLU,,,,,,100911-01,,11-Sep-10,,,daytime collection,WalkIn Cave,,,roosting on wall of cave,,F,ADULT,Post-lactating,,9.3,0,39.37,,,,,,,,,,,,,,,,,,,,,12,7,,,,,,,,,,,
MYLU,,,,,,100911-02,,11-Sep-10,,,daytime collection,WalkIn Cave,,,roosting on wall of cave,,M,YOY,nonreproductive,,9.7,0,39.55,,,,,,,,,,,,,,,,,,,,,13,7,,,,,,,,,,,
MYLU,,,,,,100911-03,,11-Sep-10,,,daytime collection,WalkIn Cave,,,roosting on wall of cave,,M,ADULT,Stored sperm, 1/2,9.8,0,36.29,,,,,,,,,,,,y,,,,,,,,,12,7,,,,,,,cluster of two with -04,,,,
MYLU,,,,,,100911-04,,11-Sep-10,,,daytime collection,WalkIn Cave,,,roosting on wall of cave,,M,ADULT,no stored sperm,0    ,8.4,0,36.3,,,,,,,,,,,,y,,,,,,,,,12,7,,,,,,,cluster of two with -03,,,,
MYLU,,,,,,100911-05,,11-Sep-10,,,daytime collection,WalkIn Cave,,,roosting on wall of cave,,M,ADULT,Stored sperm, 3/4,10.3,0,39.53,,,,,,,,,,,,,,,,,,,,,12.5,7,,,,,,,cluster of two with -06,,,,
MYLU,,,,,,100911-06,,11-Sep-10,,,daytime collection,WalkIn Cave,,,roosting on wall of cave,,M,ADULT,Stored sperm, 3/4,9.5,0,37.99,,,,,,,,,,,,,,,,,,,,,12,7,,,,,,,cluster of two with -05,,,,
MYLU,,,,,,100911-07,,11-Sep-10,,,daytime collection,WalkIn Cave,,,roosting on wall of cave,,M,ADULT,Stored sperm,100    ,12.9,0,37.97,,,,,,,,,,,,,,,,,,,,,13,7.5,,,,,,,,,,,
MYLU,,,,,,100911-08,,11-Sep-10,,,daytime collection,WalkIn Cave,,,roosting on wall of cave,,M,ADULT,Stored sperm, 1/2,9,0,37.73,,,,,,,,,,,,,,,,,,,,,13,7,,,,,,,cluster of 7: bat 1,,,,
MYLU,,,,,,100911-09,,11-Sep-10,,,daytime collection,WalkIn Cave,,,roosting on wall of cave,,M,ADULT,Stored sperm, 2/3,10.3,0,38.44,,,,,,,,,,,,,,,,,,,,,12,7,,,,,,,cluster of 7: bat 2,,,,
MYLU,,,,,,100911-10,,11-Sep-10,,,daytime collection,WalkIn Cave,,,roosting on wall of cave,,M,ADULT,Stored sperm, 7/8,9.7,0,38.45,,,,,,,,,,,,,,,,,,,,,12.5,7,,,,,,,cluster of 7: bat 3,,,,
MYLU,,,,,,100911-11,,11-Sep-10,,,daytime collection,WalkIn Cave,,,roosting on wall of cave,,M,ADULT,Stored sperm, 3/4,9.6,0,39.7,,,,,,,,,,,,,,,,,,,,,11,6,,,,,,,cluster of 7: bat 4,,,,
MYLU,,,,,,100911-12,,11-Sep-10,,,daytime collection,WalkIn Cave,,,roosting on wall of cave,,M,ADULT,Stored sperm, 1/2,9.3,0,37.7,,,,,,,,,,,,,,,,,,,,,12,7,,,,,,,cluster of 7: bat 5,,,,
MYLU,,,,,,100911-13,,11-Sep-10,,,daytime collection,WalkIn Cave,,,roosting on wall of cave,,M,ADULT,Stored sperm, 1/2,9.7,0,36.4,,,,,,,,,,,,,,,,,,,,,12.5,7.5,,,,,,,cluster of 7: bat 6,,,,
MYLU,,,,,,100911-14,,11-Sep-10,,,daytime collection,WalkIn Cave,,,roosting on wall of cave,,M,ADULT,Stored sperm, 2/3,11.7,0,36.06,,,,,,,,,,,,,,yes- yellow!,,,,,,,11.5,6.5,,,,,,,cluster of 7: bat 7; yellow feces collected,,,,
MYLU,,,,,,100911-15,,11-Sep-10,,,daytime collection,WalkIn Cave,,,roosting on wall of cave,,M,ADULT,Stored sperm,100    ,11,0,36.77,,,,,,,,,,,,,,,,,,,,,11.5,7,,,,,,,,,,,
MYLU,,,,,,100911-16,,11-Sep-10,,,daytime collection,WalkIn Cave,,,roosting on wall of cave,,M,YOY,nonreproductive,,13.2,0,39.78,,,,,,,,,,,,,,,,,,,,,12,6,,,,,,,,,,,
MYLU,,,,,,100911-17,,11-Sep-10,,,daytime collection,WalkIn Cave,,,roosting on wall of cave,,M,ADULT,Stored sperm, 1/3,10.3,0,38.8,,,,,,,,,,,,,,,,,,,,,12.5,6,,,,,,,cluster of 4: bat 1,,,,
MYLU,,,,,,100911-18,,11-Sep-10,,,daytime collection,WalkIn Cave,,,roosting on wall of cave,,M,ADULT,Stored sperm,100    ,9.7,0,36.8,,,,,,,,,,,,,,,,,,,,,12.5,6,,,,,,,cluster of 4: bat 2,,,,
MYLU,,,,,,100911-19,,11-Sep-10,,,daytime collection,WalkIn Cave,,,roosting on wall of cave,,M,ADULT,Stored sperm, 3/4,9.7,0,37.49,,,,,,,,,,,,,,,,,,,,,12.5,7,,,,,,,cluster of 4: bat 3,,,,
MYLU,,,,,,100911-20,,11-Sep-10,,,daytime collection,WalkIn Cave,,,roosting on wall of cave,,M,ADULT,Stored sperm,100    ,9.8,0,37.56,,,,,,,,,,,,,,yes - yellow!,,,,,,,13,7.5,,,,,,,cluster of 4: bat 4; yellow feces collected,,,,
MYLU,,,,,,100911-21,,11-Sep-10,,,daytime collection,WalkIn Cave,,,roosting on wall of cave,,M,ADULT,Stored sperm, 3/4,8.6,0,36.26,,,,,,,,,,,,,,,,,,,,,12.5,7.5,,,,,,,,,,,
MYLU,,,,,,100911-22,,11-Sep-10,,,daytime collection,WalkIn Cave,,,roosting on wall of cave,,M,ADULT,Stored sperm, 1/4,8.6,0,37.19,,,,,,,,,,,,,,,,,,,,,12,7,,,,,,,,,,,
MYLU,,,,,,100911-23,,11-Sep-10,,,daytime collection,WalkIn Cave,,,roosting on wall of cave,,M,ADULT,Stored sperm, 7/8,10.3,0,40.41,,,,,,yes - ear mites,,,,,,y,,,,,,,,,13,7,,,,,,,odd bone; ear mites,,,,
EPFU,,,,,,100911-24,,11-Sep-10,,,21:57,WalkIn Cave,,,entering or exiting cave,,M,ADULT,Stored sperm, 2/3,22.9,0,45.51,,,,,,,,,,,,y,,,,,,,,,,,,,,,out,photo taken of bat,yellow fat deposits in corners of mouth,,,,
MYLU,,,,,,100911-25,,11-Sep-10,,,21:05,WalkIn Cave,,,entering or exiting cave,,M,ADULT,Stored sperm,not estimated,NA,0,NA,,,,,,,,,,,,,,,,,,,,,,,,,,,out,,,,,,
EPFU,,,,,,100911-26,,11-Sep-10,,,22:10,WalkIn Cave,,,entering or exiting cave,,F,ADULT,Post-lactating,not estimated,26.4,0,46.82,,,,,,,,,,,,y,,,,,,,,,,,,,,,in,,swollen below genetals like she might have mated?; corners of jaw not yellow like other EPFUs,,,,
EPFU,,,,,,100911-27,,11-Sep-10,,,20:30,WalkIn Cave,,,entering or exiting cave,,F,YOY,nonreproductive,not estimated,18.6,0,46.52,,,,,,,,,,,,y,,,,,,,,,,,,,,,out,,,,,,
MYLU,,,,,,100911-28,,11-Sep-10,,,21:00,WalkIn Cave,,,entering or exiting cave,,M,ADULT,Stored sperm,not estimated,NA,0,37.98,,,,,,,,,,,,,,,,,,,,,,,,,,,out,,,,,,
MYLU,,,,,,100911-29,,11-Sep-10,,,21:10,WalkIn Cave,,,entering or exiting cave,,M,ADULT,Stored sperm,not estimated,NA,0,37.3,,,,,,,,,,,,,,,,,,,,,,,,,,,out,,,,,,
MYLU,,,,,,100911-30,,11-Sep-10,,,21:15,WalkIn Cave,,,entering or exiting cave,,M,ADULT,Stored sperm,not estimated,NA,0,37.58,,,,,,,,,,,,,,,,,,,,,,,,,,,in,,,,,,
MYLU,,,,,,100911-31,,11-Sep-10,,,21:15,WalkIn Cave,,,entering or exiting cave,,M,ADULT,Stored sperm,not estimated,NA,0,37.1,,,,,,,,,,,,,,,,,,,,,,,,,,,out,,,,,,
MYLU,,,,,,100911-32,,11-Sep-10,,,21:05,WalkIn Cave,,,entering or exiting cave,,M,ADULT,Stored sperm,100    ,NA,0,39.1,,,,,,,,,,,,,,,,,,,,,,,,,,,out,,,,,,
MYLU,,,,,,100911-33,,11-Sep-10,,,20:45,WalkIn Cave,,,entering or exiting cave,,M,ADULT,Stored sperm,not estimated,NA,0,37.3,,,,,,,,,,,,,,,,,,,,,,,,,,,in,,,,,,
MYLU,,,,,,100911-34,,11-Sep-10,,,20:45,WalkIn Cave,,,entering or exiting cave,,M,ADULT,Stored sperm,100    ,NA,0,37,,,,,,,,,,,,,,,,,,,,,,,,,,,in,,,,,,
MYLU,,,,,,100911-35,,11-Sep-10,,,20:50,WalkIn Cave,,,entering or exiting cave,,M,ADULT,Stored sperm,not estimated,NA,0,38.86,,,,,,,,,,,,,,,,,,,,,,,,,,,out,,,,,,
MYLU,,,,,,100911-36,,11-Sep-10,,,20:50,WalkIn Cave,,,entering or exiting cave,,F,YOY,nonreproductive,not estimated,NA,0,38.48,,,,,,,,,,,,,,,,,,,,,,,,,,,out,,,,,,
MYLU,,,,,,100911-37,,11-Sep-10,,,23:00,WalkIn Cave,,,entering or exiting cave,,M,YOY,not recorded,not estimated,NA,0,37.19,,,,,,,,,,,,,,,,,,,,,,,,,,,not recorded,,,,,,
EPFU likely,,,,,,100911-CC1,,11-Sep-10,,,carcass collected from cave floor,WalkIn Cave,,,carcass in cave,,?,?,?,,NA,,45.22,,,,,,,,,,,,n,,,,,,,,,,,,,,,,,carcass; very rotten so no DNA taken,,,,
EPFU likely,,,,,,100911-CC2,,11-Sep-10,,,carcass collected from cave floor,WalkIn Cave,,,carcass in cave,,?,?,?,,NA,,43.7,,,,,,,,,,,,n,,,,,,,,,,,,,,,,,carcass; very rotten so no DNA taken,,,,
MYSE,,,,,,100912-01,,12-Sep-10,,,21:00,Peace Pt Road,,,,yes,M,ADULT,Stored sperm, 1/2,7.4,0,36.8,,,,,,,,,,,,y,,,,,,,,,15.5,8.5,,6c,,,,,captured at 5 degrees Celcius,,,,
MYLU,,,,,,not assigned,,12-Sep-10,,,daytime collection,Peace Point Cave,,,torpid roosting in cave,,M,ADULT,Stored sperm, 3/4,NA,,,,,,,,,,,,,,,,,,,,,,,,,,,,,,frosty nosed bat - took photos,"bat in deep torpor in cave, but this cave was shallow with ice at back and would not be a hibernaculum",,,,
MYLU,,,,,,not assigned,,12-Sep-10,,,daytime collection,Peace Point Cave,,,torpid roosting in cave,,not handled,,,,NA,,,,,,,,,,,,,,,,,,,,,,,,,,,,,,,"bat in deep torpor in cave, but this cave was shallow with ice at back and would not be a hibernaculum",,,,
MYLU,,,,,,100913-01,,13-Sep-10,,,21:00,Parson's Road,,,,yes,M,ADULT,Stored sperm, 2/3,10.5,0,39.39,,,,,,,,,,,,y,,,,,,,,,12,7,,8,,,,,,,,,
MYLU,,,,,,100913-02,,13-Sep-10,,,20:56,Parson's Road,,,,yes,not recorded,YOY,nonreproductive,,7,0,38.28,,,,,,,,,,,,,,,,,,,,,12,6.5,,,,,,,,,,,
MYSE,,,,,,100913-03,,13-Sep-10,,,not recorded,Parson's Road,,,,yes,not recorded,ADULT,not recorded,,9.3,0,37.51,,,,,,,,,,,,y(2),,,,,,,,,14.5,8.5,,6,,,,,,,,,
MYLU,,,,,,100913-04,,13-Sep-10,,,22:01,Parson's Road,,,,yes,M,YOY,nonreproductive,,9.8,0,36.6,,,,,,,,,,,,,,,,,,,,,12.5,6.5,,,,,,,,,,,
MYLU,,,,,,100913-05,,13-Sep-10,,,23:02,Parson's Road,,,,yes,M,ADULT,Stored sperm, 7/8,10.1,0,40.3,,,,,,,,,,,,y,,,,,,,,,13.5,6.5,,8,,,,,,,,,
MYLU,,,,,,100913-06,,13-Sep-10,,,22:39,Parson's Road,,,,yes,M,ADULT,Stored sperm, 2/3,9.1,0,37.69,,,,,,,,,,,,,,,,,,,,,13,6.5,,7.5,,,,,,,,,
MYLU,,,,,,100913-07,,13-Sep-10,,,22:15,Parson's Road,,,,yes,M,ADULT,Stored sperm, 1/8,9.7,0,38.42,,,,,,,,,,,,n,,,,,,,,,12,7,,7.5 (8c),,,,,,,,,
MYLU,,,,,,100913-08,,13-Sep-10,,,21:30,Parson's Road,,,,yes,M,ADULT,no stored sperm,0    ,8.9,0,40.01,,,,,,,,,,,,n,,,,,,,,,,,,7.5 (8c),,,,,,,,,
MYLU,,,,,,100913-09,,13-Sep-10,,,23:23,Parson's Road,,,,yes,M,ADULT,Stored sperm, 2/3,10.8,0,38.62,,,,,,,,,,,,,,,,,,,,,11.5,7,,7,,,,,,,,,
MYLU,,,,,,100913-10,,13-Sep-10,,,23:23,Parson's Road,,,,yes,M,ADULT,Stored sperm, 1/2,9.8,0,38.9,,,,,,,,,,,,,,,,,,,,,11.5,6.5,,7,,,,,,,,,
MYLU,,,,,,100913-11,,13-Sep-10,,,23:14,Parson's Road,,,,yes,F,YOY,nonreproductive,,8.2,0,38.6,,,,,large egap,,,,,,,,,,,,,,,,,,,,,,,,,,,,
MYLU,,,,,,100913-12,,13-Sep-10,,,23:23,Parson's Road,,,,yes,M,ADULT,Stored sperm, 3/4,9.2,0,37.78,,,,,,,,,,,,,,,,,,,,,13,7,,7,,,,,,,,,
MYLU,,,,,,100913-13,,13-Sep-10,,,23:20,Parson's Road,,,,yes,F,ADULT,Post-lactating,,10.2,0,41.06,,,,,,,,,,,,,,,,,,,,,14,7,,7.5,,,,,,,,,
MYLU,,,,,,100913-14,,13-Sep-10,,,22:50,Parson's Road,,,,yes,M,ADULT,Stored sperm, 1/3,9.5,0,37,,,,,,,,,,,,y,,,,,,,,,,,,,,,,,"1.8C at time of capture; pooping, as are most bats",,,,
MYLU,,,,,,100913-15,,13-Sep-10,,,23:03,Parson's Road,,,,yes,M,YOY,nonreproductive,,7.7,0,39.01,,,,,large egap,,,,,,,,,,,,,,,,,,,,,,,,,,,,
MYLU,,,,,,100913-16,,13-Sep-10,,,not recorded,Parson's Road,,,,yes,M,ADULT,Stored sperm,not estimated,10.3,0,38.1,,,,,,,,,,,,,,,,,,,,,,,,,,,,,,,,,
MYLU,,,,,,100913-17,,13-Sep-10,,,0:39,Parson's Road,,,,yes,F,YOY,nonreproductive,,9.9,0,36.2,,,,,large egap,,,,,,,,,,,,,,,,,,,,,,,,1 of 2 bats captured together -17 and -18,,,,
MYLU,,,,,,100913-18,,13-Sep-10,,,0:39,Parson's Road,,,,yes,M,not recorded,not recorded,,8.3,0,36.48,,,,,,,,,,,,,,,,,,,,,,,,,,,,,1 of 2 bats captured together -17 and -18,,,,
MYLU,,,,,,100913-19,,13-Sep-10,,,0:39,Parson's Road,,,,yes,M,ADULT,Stored sperm,not estimated,9.6,0,38.26,,,,,,,,,,,,,,,,,,,,,,,,,,,,,,,,,
MYLU,,,,,,100913-20,,13-Sep-10,,,0:39,Parson's Road,,,,yes,F,YOY,nonreproductive,,8.2,0,38.66,,,,,visible egap,,,,,,,,,,,,,,,,,,,,,,,,,,,,
MYLU,,,,,,100913-21,,13-Sep-10,,,23:31,Parson's Road,,,,yes,F,YOY,nonreproductive,,9.4,0,38.88,,,,,medium egap,,,,,,,,,,,,,,,,,,,,,,,,1.5C at time of capture,,,,
MYLU,,,,,,100913-22,,13-Sep-10,,,0:39,Parson's Road,,,,yes,F,ADULT,Post-lactating,,11.1,0,39.17,,,,,,,,,,,,y,,,,,,,,,13,7,,7.5,,,,,,,,,
MYLU,,,,,,100913-23,,13-Sep-10,,,0:45,Parson's Road,,,,yes,M,ADULT,Stored sperm,not estimated,10.3*,0,38.2,,,,,,,,,,,,,,,,,,,,,,,,,,,,,bat captured in net at same time as Boreal Owl,,,,
MYLU,,,,,,100913-24,,13-Sep-10,,,0:45,Parson's Road,,,,yes,M,ADULT,Stored sperm,not estimated,9.9,0,n/a,,,,,,,,,,,,,,,,,,,,,,,,,,,,,"bat captured in net at same time as Boreal Owl; FA measurement may not be reliable as not sure it got zeroed, thus not entered",,,,
MYLU,,,,,,100913-25,,13-Sep-10,,,0:59,Parson's Road,,,,yes,M,ADULT,Stored sperm,not estimated,9.8,0,39.27,,,,,,,,,,,,,,,,,,,,,,,,,,,,,,,,,
MYLU,,,,,,100913-26,,13-Sep-10,,,0:00,Parson's Road,,,,yes,F,ADULT,Post-lactating,,10.3,0,38.15,,,,,,,,,,,,,,,,,,,,,,,,,,,,,,,,,
MYLU,,,,,,100913-27,,13-Sep-10,,,0:00,Parson's Road,,,,yes,F,ADULT,Post-lactating,,10.7,0,39.08,,,,,,,,,,,,,,,,,,,,,,,,,,,,,,,,,
MYLU,,,,,,100913-28,,13-Sep-10,,,1:45,Parson's Road,,,,yes,M,YOY,nonreproductive,,NA,0,NA,,,,,,,,,,,,,,,,,,,,,,,,,,,,,temp at capture -0.2C,,,,
MYLU,,,,,,100913-29,,13-Sep-10,,,2:02,Parson's Road,,,,yes,M,YOY,nonreproductive,,NA,0,NA,,,,,,,,,,,,,,,,,,,,,,,,,,,,,,,,,
MYSE,,,,,,100914-01,,14-Sep-10,,,21:15,Lane Lake-Pine Lake,,,,yes,F,YOY,nonreproductive,,6,0,37.17,,,,,,,,,,,,,,,,,,,,,15,9,,6,,,,,,,,,
MYSE,,,,,,100914-02,,14-Sep-10,,,21:56,Lane Lake-Pine Lake,,,,yes,M,ADULT,Stored sperm, 1/3,8.4,0,36.48,,,,,,,,,,,,y,,,,,,,,,16,8.5,,5.5,,,,,,,,,
MYLU/SE,,,,,,100914-03,,14-Sep-10,,,21:37,Lane Lake-Pine Lake,,,,yes,M,ADULT,Stored sperm, 2/3,8.3,0,35.4,,,,,,,,,,,,y,,,,,,,,,14.5,9,,7,,,,,,,,,
EPFU,,,,,,100914-04,,14-Sep-10,,,22:04,Lane Lake-Pine Lake,,,,yes,M,YOY,nonreproductive,,24.4,0,47.27,,,,,,,,,,,,y,,,,,,,,,,,,,,,,,,,,,
EPFU,,,,,,100914-05,,14-Sep-10,,,21:28,Lane Lake-Pine Lake,,,,yes,M,YOY,nonreproductive,,18.7,0,43.2,,,,,,,,,,,,,,,,,,,,,,,,,,,,,,,,,
MYLU,,,,,,100914-06,,14-Sep-10,,,21:54,Lane Lake-Pine Lake,,,,yes,M,ADULT,no stored sperm,0    ,9.3,0,N/A,,,,,,,,,,,,,,,,,,,,,12.5,6.5,,,,,,,digital calipers malfunctioning; FA not reliable,,,,
MYLU,,,,,,100914-07,,14-Sep-10,,,23:11,Lane Lake-Pine Lake,,,,yes,M,ADULT,Stored sperm, 2/3,9.7,0,39.05,,,,,,,,,,,,,,,,,,,,,12,6,,,,,,,,,,,
MYLU,,,,,,100914-08,,14-Sep-10,,,21:15,Lane Lake-Pine Lake,,,,yes,F,YOY,nonreproductive,,7.8,0,38.1,,,,,,,,,,,,,,,,,,,,,15,9,,,,,,,,,,,
MYSE?,,,,,,100914-09,,14-Sep-10,,,23:06,Lane Lake-Pine Lake,,,,yes,not recorded,not recorded,,,9.4,0,39.9,,,,,,,,,,,,y,,,,,,,,,14.5,7,,,n,,,967,,MYLU-shaped tragus,,,
MYSE,,,,,,100914-10,,14-Sep-10,,,21:45,Lane Lake-Pine Lake,,,,yes,F,ADULT,nonreproductive,,8.2,0,36.7,,,,,,,,,,,,y,,,,,,,,,12,7,,6,,,,,,,,,
MYLU,,,,,,100914-11,,14-Sep-10,,,22:15,Lane Lake-Pine Lake,,,,yes,M,YOY,nonreproductive,,9.5,0,38,,,,,,,,,,,,,,,,,,,,,15.5,9,,,,,,,,,,,
MYSE,,,,,,100914-12,,14-Sep-10,,,20:40,Lane Lake-Pine Lake,,,,yes,not recorded,not recorded,,,8.7,0,37,,,,,,,,,,,,y,,,,,,,,,15,9,,,,,,,,,,,
EPFU,,,,,,100914-13,,14-Sep-10,,,22:40,Lane Lake-Pine Lake,,,,yes,M,YOY,nonreproductive,,22.9,0,46.9,,,,,,,,,,,,,,,,,,,,,,,,,,,,,,,,,
MYSE,,,,,,100914-14,,14-Sep-10,,,21:14,Lane Lake-Pine Lake,,,,yes,M,ADULT,Stored sperm, 1/2,7.4,0,37.95,,,,,,,,,,,,y,,,,,,,,,15,9,,8,,,,,,,,,
MYLU,,,,,,100914-15,,14-Sep-10,,,21:26,Lane Lake-Pine Lake,,,,yes,M,ADULT,Stored sperm, 2/3,10.1,0,38.8,,,,,,,,,,,,,,,,,,,,,12,6,,6.5,,,,,,,,,
MYSE,,,,,,100914-16,,14-Sep-10,,,21:00,Lane Lake-Pine Lake,,,,yes,M,ADULT,Stored sperm, 3/4,8.1,0,35.46,,,,,,,,,,,,y,,,,,,,,,16,9,,,,,,,,,,,
MYLU,,,,,,100914-17,,14-Sep-10,,,21:14,Lane Lake-Pine Lake,,,,yes,M,ADULT,Stored sperm, 1/2,7.9,0,36.89,,,,,,,,,,,,,,,,,,,,,13,7,,7,,,,,,,,,
MYLU,,,,,,100914-18,,14-Sep-10,,,21:45,Lane Lake-Pine Lake,,,,yes,M,ADULT,Stored sperm,not estimated,9.3,0,37.87,,,,,,,,,,,,,,,,,,,,,,,,7c,,,,,,,,,
MYLU,,,,,,100914-19,,14-Sep-10,,,22:36,Lane Lake-Pine Lake,,,,yes,M,YOY,nonreproductive,,8.6,0,NA,,,,,,,,,,,,,,,,,,,,,13,8,,,,,,,,,,,
MYLU,,,,,,100914-20,,14-Sep-10,,,22:39,Lane Lake-Pine Lake,,,,yes,M,ADULT,not recorded,,8.6,0,38,,,,,,,,,,,,,,,,,,,,,,,,,,,,,,,,,
MYLU,,,,,,100914-21,,14-Sep-10,,,22:41,Lane Lake-Pine Lake,,,,yes,M,ADULT,Stored sperm,not estimated,10.4,0,37.17,,,,,,,,,,,,,,,,,,,,,,,,,,,,,,,,,
MYLU,,,,,,100914-22,,14-Sep-10,,,22:41,Lane Lake-Pine Lake,,,,yes,F,YOY,nonreproductive,,8.8,0,38.63,,,,,,,,,,,,,,,,,,,,,,,,,,,,,,,,,
MYSE,,,,,,100914-23,,14-Sep-10,,,22:45,Lane Lake-Pine Lake,,,,yes,M,ADULT,no stored sperm,0    ,8.1,0,36.66,,,,,,,,,,,,,,,,,,,,,17,10,,7c,,,,,,,,,
MYLU,,,,,,100914-24,,14-Sep-10,,,20:35,Lane Lake-Pine Lake,,,,yes,M,YOY,nonreproductive,,7.5,0,37.38,,,,,,,,,,,,,,,,,,,,,,,,,,,,,,,,,
MYSE,,,,,,100914-25,,14-Sep-10,,,20:35,Lane Lake-Pine Lake,,,,yes,F,YOY,nonreproductive,,5.3,0,35.95,,,,,,,,,,,,,,,,,,,,,14.5,9.5,,,,,,,,,,,
MYSE,,,,,,100914-26,,14-Sep-10,,,22:51,Lane Lake-Pine Lake,,,,yes,F,ADULT,Post-lactating,,8.9,0,38.12,,,,,,,,,,,,y,,,,,,,,,16,9.5,,,,,,,,,,,
MYLU,,,,,,100914-27,,14-Sep-10,,,22:15,Lane Lake-Pine Lake,,,,yes,M,ADULT,Stored sperm,not estimated,10.1,0,39.35,,,,,,,,,,,,,,,,,,,,,13,8,,,,,,,,,,,
MYLU,,,,,,100914-28,,14-Sep-10,,,23:00,Lane Lake-Pine Lake,,,,yes,F,YOY,nonreproductive,,7.7,0,36.2,,,,,,,,,,,,,,,,,,,,,,,,,,,,,,,,,
MYLU,,,,,,100914-29,,14-Sep-10,,,23:00,Lane Lake-Pine Lake,,,,yes,F,YOY,nonreproductive,,9.2,0,37.99,,,,,,,,,,,,,,,,,,,,,,,,,,,,,,,,,
MYSE,,,,,,100914-30,,14-Sep-10,,,22:49,Lane Lake-Pine Lake,,,,yes,M,ADULT,Stored sperm,not estimated,9.9,0,37.84,,,,,,,,,,,,,,,,,,,,,16.5,9.75,,,,,,,,,,,
MYLU,,,,,,not assigned,,15-Sep-10,,,daytime collection,Little Buffalo Hibernaculum,,,taken from wall of cave,,F,YOY,,,NA,,,,,,,,lots of ectoparasites,,,,,,,,,,,,,,,,,,,,,,,roosting alone,,,,
MYLU,,,,,,not assigned,,15-Sep-10,,,daytime collection,Little Buffalo Hibernaculum,,,taken from wall of cave,,M,ADULT,Stored sperm, 1/2,NA,,,,,,,,,,,,,,,,,,,,,,,,,,,,,,,roosting alone,,,,
MYLU,,,,,,not assigned,,15-Sep-10,,,daytime collection,Little Buffalo Hibernaculum,,,taken from wall of cave,,F,YOY,,,NA,,,,,,,,,,,,,,,,,,,,,,,,,,,,,,,roosting alone,,,,
MYLU,,,,,,not assigned,,15-Sep-10,,,daytime collection,Little Buffalo Hibernaculum,,,taken from wall of cave,,M,ADULT,Stored sperm,100    ,NA,,,,,,,,,,,,,,,,,,,,,,,,,,,,,,,roosting in cluster of 2,,,,
MYLU,,,,,,not assigned,,15-Sep-10,,,daytime collection,Little Buffalo Hibernaculum,,,taken from wall of cave,,M,ADULT,Stored sperm, 4/5,NA,,,,,,,,,,,,,,,,,,,,,,,,,,,,,,,roosting in cluster of 2,,,,
MYLU,,,,,,not assigned,,15-Sep-10,,,daytime collection,Little Buffalo Hibernaculum,,,taken from wall of cave,,M,ADULT,no stored sperm,0    ,NA,,,,,,,,,,,,,,,,,,,,,,,,,,,,,,,roosting alone,,,,
MYLU,,,,,,not assigned,,15-Sep-10,,,daytime collection,Little Buffalo Hibernaculum,,,taken from wall of cave,,M,ADULT,Stored sperm, 3/4,NA,,,,,,,,,,,,,,,,,,,,,,,,,,,,,,,roosting alone,,,,
MYLU,,,,,,not assigned,,15-Sep-10,,,daytime collection,Little Buffalo Hibernaculum,,,taken from wall of cave,,M,ADULT,no stored sperm,0    ,NA,,,,,,,,,,,,,,,,,,,,,,,,,,,,,,,roosting alone,,,,
MYLU,,,,,,not assigned,,15-Sep-10,,,daytime collection,Little Buffalo Hibernaculum,,,taken from wall of cave,,M,YOY,nonreproductive,,NA,,,,,,,,,,,,,,,,,,,,,,,,,,,,,,,,,,,
MYLU,,,,,,not assigned,,15-Sep-10,,,daytime collection,Little Buffalo Hibernaculum,,,taken from wall of cave,,M,YOY,nonreproductive,,NA,,,,,,,,,,,,,,,,,,,,,,,,,,,,,,,,,,,
MYSE,,,,,,100916-01,,16-Sep-10,,,21:39,Little Buffalo Territorial Park Trail,,,,yes,M,ADULT,no stored sperm,0    ,8,0,36.55,,,,,,,,,,,,y,,,,,,,,,15,8,,8c,1 pseudokeel,y,n/a,,captured at 1.5 degrees Celcius,,,,
MYLU,,,,,,100917-01,,17-Sep-10,,,21:40,Little Buffalo Hibernaculum,,,entering or exiting cave,,M,ADULT,Stored sperm, 7/8,11,0,38.2,,,,,,,,,,,,,,,,,,,,,13,6.5,6c,7c,,y,in,,,,,,
MYLU,,,,,,100917-02,,17-Sep-10,,,21:03,Little Buffalo Hibernaculum,,,entering or exiting cave,,M,ADULT,Stored sperm, 7/8,10.3,0,38.3,,,,3,,,,,,,,,,,,,,,,,14,7,5.5c,7c,,y,in,,,,,,
MYLU,,,,,,100917-03,,17-Sep-10,,,20:54,Little Buffalo Hibernaculum,,,entering or exiting cave,,M,ADULT,Stored sperm, 2/3,9.7,0,39.4,,,,,,yes - ear mites,,,,,,,,,,,,,,,12.5,7,7c,8c,,y,in,,lots of ear mites,,,,
MYLU,,,,,,100917-04,,17-Sep-10,,,21:15,Little Buffalo Hibernaculum,,,entering or exiting cave,,M,ADULT,Stored sperm, 1/2,10.1,0,38.4,,,,,,,,,,,,,,,,,,,,,12,7,6.5c,8c,,y,out,,,,,,
MYLU,,,,,,100917-05,,17-Sep-10,,,21:20,Little Buffalo Hibernaculum,,,entering or exiting cave,,M,ADULT,Stored sperm, 2/3,10.1,0,37.45,,,,,,,,,,,,y,,,,,,,,,14,7.5,7c,7c,,y,out,,,,,,
MYSE,,,,,,100917-06,,17-Sep-10,,,21:30,Little Buffalo Hibernaculum,,,entering or exiting cave,,F,ADULT,Post-lactating,,9.5,0,38.99,,,,,,,,,,,,y,,,,,,,,,16,9,6c,7.5c,,y,in,,,,,,
MYLU,,,,,,100917-07,,17-Sep-10,,,22:00,Little Buffalo Hibernaculum,,,entering or exiting cave,,M,ADULT,no stored sperm,0    ,9.3,0,39.07,,,,,,,,,,,,y,,,,,,,,,13,7,,,,y,out,,,,,,
MYLU,,,,,,100917-08,,17-Sep-10,,,23:23,Little Buffalo Hibernaculum,,,,yes,M,ADULT,Stored sperm, 2/3,9.8,0,38.88,,,,,,,,,,,,y,,,,,,,,,12,7,,,,n,n/a,,,,,,
MYLU,,,,,,100917-09,,17-Sep-10,,,23:21,Little Buffalo Hibernaculum,,,entering or exiting cave,,M,ADULT,Stored sperm, 7/8,10.3,0,37.9,,,,,,,,,,,,y,,,,,,,,,12,7,,,,n,in,,,,,,
MYLU,,,,,,100917-10,,17-Sep-10,,,23:40,Little Buffalo Hibernaculum,,,entering or exiting cave,,M,ADULT,Stored sperm, 1/2,10.8,0,40.28,,,,,,,,,,,,n,,,,,,,,,14,7,,,,n,in,,,,,,
MYLU,,,,,,100917-11,,17-Sep-10,,,23:57,Little Buffalo Hibernaculum,,,entering or exiting cave,,F,ADULT,Post-lactating,,10.1,0,39.43,,,,,,,,,,,,y,,,,,,,,,12.5,7,,,,n,out,,yellow poop!,,,,
MYLU,,,,,,100917-12,,17-Sep-10,,,23:05,Little Buffalo Hibernaculum,,,entering or exiting cave,,M,YOY,nonreproductive,,9.3,0,39.9,,,,,,,,,,,,n,,,,,,,,,,,,,,n,in,,,,,,
MYLU,,,,,,100917-13,,17-Sep-10,,,22:56,Little Buffalo Hibernaculum,,,entering or exiting cave,,M,YOY,nonreproductive,,8.2,0,36.94,,,,,,,,,,,,n,,,,,,,,,,,,,,n,in,,,,,,
MYLU,,,,,,100917-14,,17-Sep-10,,,22:37,Little Buffalo Hibernaculum,,,entering or exiting cave,,M,ADULT,Stored sperm, 3/4,11.5,0,39.33,,,,,,,,,,,,n,,,,,,,,,13,7,,,,n,in,,lots of poop!,,,,
MYLU,,,,,,100917-15,,17-Sep-10,,,22:30,Little Buffalo Hibernaculum,,,entering or exiting cave,,M,ADULT,no stored sperm,0    ,9.2,0,36.87,,,,,,,,,,,,n,,,,,,,,,12,7.5,,,,n,in,,toes full of mud,,,,
EPFU,,,,,,100917-16,,17-Sep-10,,,22:25,Little Buffalo Hibernaculum,,,entering or exiting cave,,F,ADULT,Post-lactating,,30.8,0,48.6,,,,,,,,,,,,y,,,,,,,,,,,,,,y,in,,,,,,
MYLU,,,,,,100917-17,,17-Sep-10,,,0:22,Little Buffalo Hibernaculum,,,entering or exiting cave,,M,ADULT,Stored sperm, 3/4,9.5,0,38.5,,,,,,,,,,,,n,,,,,,,,,13.5,8,,,,n,in,,,,,,
MYLU,,,,,,100917-18,,17-Sep-10,,,0:10,Little Buffalo Hibernaculum,,,entering or exiting cave,,M,YOY,nonreproductive,,11.3,0,38.78,,,,,,,,,,,,n,,,,,,,,,13,7.5,,,,n,in,,epiphyseal gap visible but joint spherical,,,,
MYLU,,,,,,100917-19,,17-Sep-10,,,0:13,Little Buffalo Hibernaculum,,,entering or exiting cave,,M,YOY,nonreproductive,,8.2,0,39.3,,,,,,,,,,,,n,,,,,,,,,,,,,,n,out,,,,,,
MYLU,,,,,,100917-20,,17-Sep-10,,,1:18,Little Buffalo Hibernaculum,,,entering or exiting cave,,M,ADULT,Stored sperm, 3/4,9.3,0,36,,,,,,,,,,,,n,,,,,,,,,,,,,,n,in,,,,,,
MYLU,,,,,,100917-21,,17-Sep-10,,,2:00,Little Buffalo Hibernaculum,,,entering or exiting cave,,M,ADULT,Stored sperm,0    ,10.5,0,36.85,,,,,,,,,,,,n,,,,,,,,,,,,,,n,in,,,,,,
MYLU,,,,,,100917-22,,17-Sep-10,,,0:50,Little Buffalo Hibernaculum,,,entering or exiting cave,,M,ADULT,Stored sperm, 1/2,10.2,0,38.45,,,,,,,,,,,,n,,,,,,,,,,,,,,n,in,,,,,,
MYLU,,,,,,100917-23,,17-Sep-10,,,1:20,Little Buffalo Hibernaculum,,,entering or exiting cave,,M,YOY,nonreproductive,,9.2,0,38.8,,,,,,,,,,,,n,,,,,,,,,,,,,,n,in,,,,,,
MYLU,,,,,,100917-24,,17-Sep-10,,,1:22,Little Buffalo Hibernaculum,,,entering or exiting cave,,M,ADULT,Stored sperm, 1/8,10.2,0,39.1,,,,,,,,,,,,n,,,,,,,,,,,,,,n,in,,,,,,
MYLU,,,,,,100917-25,,17-Sep-10,,,2:30,Little Buffalo Hibernaculum,,,entering or exiting cave,,M,ADULT,Stored sperm, 2/3,10.4*,0,38.7,,,,,,,,,,,,n,,,,,,,,,,,,,,n,in,,swollen penis,,,,
MYLU,,,,,,100917-26,,17-Sep-10,,,2:30,Little Buffalo Hibernaculum,,,entering or exiting cave,,M,ADULT,Stored sperm, 7/8,12.2*,0,37.02,,,,,,,,,,,,n,,,,,,,,,,,,,,n,in,,,,,,
MYLU,,,,,,100917-27,,17-Sep-10,,,2:30,Little Buffalo Hibernaculum,,,entering or exiting cave,,M,ADULT,Stored sperm, 3/4,10.2*,0,36.95,,,,,,,,,,,,n,,,,,,,,,,,,,,n,in,,,,,,
MYLU,,,,,,Bat1,,19-Sep-10,,,daytime collection,Little Buffalo Hibernaculum,,,taken from wall of cave,,M,ADULT,Stored sperm,,NA,,38.6,,,,,,,,,,,,,,,,,,,,,,,,,,Y,,,,,,,
MYLU,,,,,,Bat2,,19-Sep-10,,,daytime collection,Little Buffalo Hibernaculum,,,taken from wall of cave,,M,ADULT,Stored sperm,,NA,,39.49,,,,,,,,,,,,,,,,,,,,,,,,,,Y,,,,,,,
MYLU,,,,,,Bat3,,19-Sep-10,,,daytime collection,Little Buffalo Hibernaculum,,,taken from wall of cave,,M,ADULT,,,NA,,38.12,,,,,,,,,,,,,,,,,,,,,,,,,,Y,,,,,,,
MYLU,,,,,,Bat4,,19-Sep-10,,,daytime collection,Little Buffalo Hibernaculum,,,taken from wall of cave,,M,ADULT,,,NA,,39.17,,,,,,,,,,,,,,,,,,,,,,,,,,Y,,,,,,,
MYLU,,,,,,Bat5,,19-Sep-10,,,daytime collection,Little Buffalo Hibernaculum,,,taken from wall of cave,,M,ADULT,,,NA,,39.49,,,,,,,,,,,,,,,,,,,,,,,,,,Y,,,,,,,
MYLU,,,,,,Bat6,,19-Sep-10,,,daytime collection,Little Buffalo Hibernaculum,,,taken from wall of cave,,M,ADULT,,,NA,,37.82,,,,,,,,,,,,,,,,,,,,,,,,,,Y,,,,,,,
MYLU,,,,,,Bat7,,19-Sep-10,,,daytime collection,Little Buffalo Hibernaculum,,,taken from wall of cave,,M,ADULT,,,NA,,38.49,,,,,,,,,,,,,,,,,,,,,,,,,,Y,,,,,,,
MYLU,,,,,,Bat8,,19-Sep-10,,,daytime collection,Little Buffalo Hibernaculum,,,taken from wall of cave,,M,ADULT,no stored sperm,,NA,,35.33,,,,,,,,,,,,,,,,,,,,,,,,,,Y,,,,,,,
MYLU,,,,,,Bat9,,19-Sep-10,,,daytime collection,Little Buffalo Hibernaculum,,,taken from wall of cave,,M,ADULT,,,NA,,37.67,,,,,,,,,,,,,,,,,,,,,,,,,,Y,,,,,,,
MYLU,,,,,,Bat10,,19-Sep-10,,,daytime collection,Little Buffalo Hibernaculum,,,taken from wall of cave,,M,ADULT,,,NA,,39.18,,,,,,,,,,,,,,,,,,,,,,,,,,Y,,,,,,,
MYLU,,,,,,Bat11,,19-Sep-10,,,daytime collection,Little Buffalo Hibernaculum,,,taken from wall of cave,,M,ADULT,,,NA,,39.05,,,,,,,,,,,,,,,,,,,,,,,,,,Y,,,,,,,
MYLU,,,,,,Bat12,,19-Sep-10,,,daytime collection,Little Buffalo Hibernaculum,,,taken from wall of cave,,M,ADULT,,,NA,,38.53,,,,,,,,,,,,,,,,,,,,,,,,,,Y,,,,,,,
MYLU,,,,,,Bat13,,19-Sep-10,,,daytime collection,Little Buffalo Hibernaculum,,,taken from wall of cave,,M,ADULT,,,NA,,36.91,,,,,,,,,,,,,,,,,,,,,,,,,,Y,,,,,,,
MYLU,,,,,,Bat14,,19-Sep-10,,,daytime collection,Little Buffalo Hibernaculum,,,taken from wall of cave,,M,ADULT,,,NA,,38.15,,,,,,,,,,,,,,,,,,,,,,,,,,Y,,,,,,,
MYLU,,,,,,Bat15,,19-Sep-10,,,daytime collection,Little Buffalo Hibernaculum,,,taken from wall of cave,,M,YOY,nonreproductive,,NA,,38.41,,,,,,,,,,,,,,,,,,,,,,,,,,Y,,,,,,,
MYLU,,,,,,Bat16,,19-Sep-10,,,daytime collection,Little Buffalo Hibernaculum,,,taken from wall of cave,,M,ADULT,,,NA,,37.39,,,,,,,,,,,,,,,,,,,,,,,,,,Y,,,,,,,
MYLU,,,,,,Bat17,,19-Sep-10,,,daytime collection,Little Buffalo Hibernaculum,,,taken from wall of cave,,M,ADULT,,,NA,,39.32,,,,,,,,,,,,,,,,,,,,,,,,,,Y,,,,,,,
MYLU,,,,,,Bat18,,19-Sep-10,,,daytime collection,Little Buffalo Hibernaculum,,,taken from wall of cave,,M,ADULT,,,NA,,38.22,,,,,,,,,,,,,,,,,,,,,,,,,,Y,,,,,,,
MYLU,,,,,,Bat19,,19-Sep-10,,,daytime collection,Little Buffalo Hibernaculum,,,taken from wall of cave,,M,ADULT,,,NA,,37.08,,,,,,,,,,,,,,,,,,,,,,,,,,Y,,,,,,,
MYLU,,,,,,Bat20,,19-Sep-10,,,daytime collection,Little Buffalo Hibernaculum,,,taken from wall of cave,,F,YOY,nonreproductive,,NA,,39.74,,,,,,,,,,,,,,,,,,,,,,,,,,Y,,,,,,,
MYLU,,,,,,Bat21,,19-Sep-10,,,daytime collection,Little Buffalo Hibernaculum,,,taken from wall of cave,,M,ADULT,,,NA,,38.03,,,,,,,,,,,,,,,,,,,,,,,,,,Y,,,,,,,
MYLU,,,,,,Bat22,,19-Sep-10,,,daytime collection,Little Buffalo Hibernaculum,,,taken from wall of cave,,M,ADULT,,,NA,,38.46,,,,,,,,,,,,,,,,,,,,,,,,,,Y,,,,,,,
MYLU,,,,,,Bat23,,19-Sep-10,,,daytime collection,Little Buffalo Hibernaculum,,,taken from wall of cave,,F,YOY,,,NA,,40.24,,,,,,,,,,,,,,,,,,,,,,,,,,,,,,,,,
MYLU,,,,,,Bat24,,19-Sep-10,,,daytime collection,Little Buffalo Hibernaculum,,,taken from wall of cave,,M,YOY,,,NA,,,,,,,,,,,,,,,,,,,,,,,,,,,,,,,,,,,
MYLU,,,,,,Bat25,,19-Sep-10,,,daytime collection,Little Buffalo Hibernaculum,,,taken from wall of cave,,M,ADULT,,,NA,,,,,,,,,,,,,,,,,,,,,,,,,,,,,,,,,,,
MYLU,,,,,,Bat26,,19-Sep-10,,,daytime collection,Little Buffalo Hibernaculum,,,taken from wall of cave,,M,ADULT,,,NA,,,,,,,,,,,,,,,,,,,,,,,,,,,,,,,,,,,
MYLU,,,,,,Bat27,,19-Sep-10,,,daytime collection,Little Buffalo Hibernaculum,,,taken from wall of cave,,M,ADULT,,,NA,,,,,,,,,,,,,,,,,,,,,,,,,,,,,,,,,,,
MYLU,,,,,,Bat28,,19-Sep-10,,,daytime collection,Little Buffalo Hibernaculum,,,taken from wall of cave,,M,ADULT,,,NA,,,,,,,,,,,,,,,,,,,,,,,,,,,,,,,,,,,
MYLU,,,,,,Bat29,,19-Sep-10,,,daytime collection,Little Buffalo Hibernaculum,,,taken from wall of cave,,M,ADULT,,,NA,,,,,,,,,,,,,,,,,,,,,,,,,,,,,,,,,,,
MYLU,,,,,,Bat30,,19-Sep-10,,,daytime collection,Little Buffalo Hibernaculum,,,taken from wall of cave,,M,ADULT,,,NA,,,,,,,,,,,,,,,,,,,,,,,,,,,,,,,,,,,
MYLU,,,,,,Bat31,,19-Sep-10,,,daytime collection,Little Buffalo Hibernaculum,,,taken from wall of cave,,M,ADULT,,,NA,,,,,,,,,,,,,,,,,,,,,,,,,,,,,,,,,,,
MYLU,,,,,,Bat32,,19-Sep-10,,,daytime collection,Little Buffalo Hibernaculum,,,taken from wall of cave,,M,ADULT,,,NA,,,,,,,,,,,,,,,,,,,,,,,,,,,,,,,,,,,
,,,,,,,,,,,,,,,,,,,,,,,,,,,,,,,,,,,,,,,,,,,,,,,,,,,,,,,,
,,,,,,,,,,,,,,,,,,,,,,,,,,,,,,,,,,,,,,,,,,,,,,,,,,,,,,,,
,,,,,,,,,,,,,,,,,,,,,,,,,,,,,,,,,,,,,,,,,,,,,,,,,,,,,,,,
,,,,,,,,,,,,,,,,,,,,,,,,,,,,,,,,,,,,,,,,,,,,,,,,,,,,,,,,
,,,,,,,,,,,,,,,,,,,,,,,,,,,,,,,,,,,,,,,,,,,,,,,,,,,,,,,,
,,,,,,,,,,,,,,,,,,,,,,,,,,,,,,,,,,,,,,,,,,,,,,,,,,,,,,,,
,,,,,,,,,,,,,,,,,,,,,,,,,,,,,,,,,,,,,,,,,,,,,,,,,,,,,,,,
,,,,,,,,,,,,,,,,,,,,,,,,,,,,,,,,,,,,,,,,,,,,,,,,,,,,,,,,
,,,,,,,,,,,,,,,,,,,,,,,,,,,,,,,,,,,,,,,,,,,,,,,,,,,,,,,,
